,wordform,fst_analyses
0,nimizhogosiinaadogenan,"['mizhwi+VTA+Ind+Neg+Dub+0PlSubj+1SgObj', 'mizho+VTA+Ind+Neg+Dub+0PlSubj+1SgObj']"
1,gimizhogosiinaawaadogenan,"['mizhwi+VTA+Ind+Neg+Dub+0PlSubj+2PlObj', 'mizho+VTA+Ind+Neg+Dub+0PlSubj+2PlObj']"
2,gimizhogosiinaadogenan,"['mizhwi+VTA+Ind+Neg+Dub+0PlSubj+2SgObj', 'mizho+VTA+Ind+Neg+Dub+0PlSubj+2SgObj']"
3,omikaagosiinaadogenan,"['mikaw+VTA+Ind+Neg+Dub+0PlSubj+3SgProxObj', 'mikaw+VTA+Ind+Neg+Dub+0PlSubj+3PlObvObj', 'mikaw+VTA+Ind+Neg+Dub+0PlSubj+3SgObvObj']"
4,owaabamigosiinaadogenan,"['waabam+VTA+Ind+Neg+Dub+0PlSubj+3SgProxObj', 'waabam+VTA+Ind+Neg+Dub+0PlSubj+3PlObvObj', 'waabam+VTA+Ind+Neg+Dub+0PlSubj+3SgObvObj']"
5,omizhogosiinaadogenan,"['mizhwi+VTA+Ind+Neg+Dub+0PlSubj+3SgProxObj', 'mizho+VTA+Ind+Neg+Dub+0PlSubj+3SgProxObj', 'mizhwi+VTA+Ind+Neg+Dub+0PlSubj+3PlObvObj', 'mizho+VTA+Ind+Neg+Dub+0PlSubj+3PlObvObj', 'mizhwi+VTA+Ind+Neg+Dub+0PlSubj+3SgObvObj', 'mizho+VTA+Ind+Neg+Dub+0PlSubj+3SgObvObj']"
6,omiinigosiinaadogenan,"['miizh+VTA+Ind+Neg+Dub+0PlSubj+3SgProxObj', 'miizh+VTA+Ind+Neg+Dub+0PlSubj+3PlObvObj', 'miizh+VTA+Ind+Neg+Dub+0PlSubj+3SgObvObj']"
7,omawadisigosiinaadogenan,"['mawadish+VTA+Ind+Neg+Dub+0PlSubj+3SgProxObj', 'mawadish+VTA+Ind+Neg+Dub+0PlSubj+3PlObvObj', 'mawadish+VTA+Ind+Neg+Dub+0PlSubj+3SgObvObj']"
8,omizhogosiinaawaadogenan,"['mizhwi+VTA+Ind+Neg+Dub+0PlSubj+3PlProxObj', 'mizho+VTA+Ind+Neg+Dub+0PlSubj+3PlProxObj']"
9,nimizhogosiiminaadogenan,"['mizhwi+VTA+Ind+Neg+Dub+0PlSubj+ExclObj', 'mizho+VTA+Ind+Neg+Dub+0PlSubj+ExclObj']"
10,gimizhogosiiminaadogenan,"['mizhwi+VTA+Ind+Neg+Dub+0PlSubj+InclObj', 'mizho+VTA+Ind+Neg+Dub+0PlSubj+InclObj']"
11,nimikaagosiinaadog,"['mikaw+VTA+Ind+Neg+Dub+3SgProxSubj+ExclObj', 'mikaw+VTA+Ind+Neg+Dub+0SgSubj+1SgObj']"
12,niwaabamigosiinaadog,"['waabam+VTA+Ind+Neg+Dub+3SgProxSubj+ExclObj', 'waabam+VTA+Ind+Neg+Dub+0SgSubj+1SgObj']"
13,nimizhogosiinaadog,"['mizhwi+VTA+Ind+Neg+Dub+3SgProxSubj+ExclObj', 'mizho+VTA+Ind+Neg+Dub+3SgProxSubj+ExclObj', 'mizhwi+VTA+Ind+Neg+Dub+0SgSubj+1SgObj', 'mizho+VTA+Ind+Neg+Dub+0SgSubj+1SgObj']"
14,nimiinigosiinaadog,"['miizh+VTA+Ind+Neg+Dub+3SgProxSubj+ExclObj', 'miizh+VTA+Ind+Neg+Dub+0SgSubj+1SgObj']"
15,nimawadisigosiinaadog,"['mawadish+VTA+Ind+Neg+Dub+3SgProxSubj+ExclObj', 'mawadish+VTA+Ind+Neg+Dub+0SgSubj+1SgObj']"
16,gimizhogosiinaawaadog,"['mizhwi+VTA+Ind+Neg+Dub+0SgSubj+2PlObj', 'mizho+VTA+Ind+Neg+Dub+0SgSubj+2PlObj']"
17,gimikaagosiinaadog,"['mikaw+VTA+Ind+Neg+Dub+3SgProxSubj+InclObj', 'mikaw+VTA+Ind+Neg+Dub+0SgSubj+2SgObj']"
18,giwaabamigosiinaadog,"['waabam+VTA+Ind+Neg+Dub+3SgProxSubj+InclObj', 'waabam+VTA+Ind+Neg+Dub+0SgSubj+2SgObj']"
19,gimizhogosiinaadog,"['mizhwi+VTA+Ind+Neg+Dub+3SgProxSubj+InclObj', 'mizho+VTA+Ind+Neg+Dub+3SgProxSubj+InclObj', 'mizhwi+VTA+Ind+Neg+Dub+0SgSubj+2SgObj', 'mizho+VTA+Ind+Neg+Dub+0SgSubj+2SgObj']"
20,gimiinigosiinaadog,"['miizh+VTA+Ind+Neg+Dub+3SgProxSubj+InclObj', 'miizh+VTA+Ind+Neg+Dub+0SgSubj+2SgObj']"
21,gimawadisigosiinaadog,"['mawadish+VTA+Ind+Neg+Dub+3SgProxSubj+InclObj', 'mawadish+VTA+Ind+Neg+Dub+0SgSubj+2SgObj']"
22,omikaagosiinaawaadog,"['mikaw+VTA+Ind+Neg+Dub+0SgSubj+3PlProxObj', 'mikaw+VTA+Ind+Neg+Dub+0SgSubj+3PlObvObj']"
23,owaabamigosiinaawaadog,"['waabam+VTA+Ind+Neg+Dub+0SgSubj+3PlProxObj', 'waabam+VTA+Ind+Neg+Dub+0SgSubj+3PlObvObj']"
24,omizhogosiinaawaadog,"['mizhwi+VTA+Ind+Neg+Dub+0SgSubj+3PlProxObj', 'mizho+VTA+Ind+Neg+Dub+0SgSubj+3PlProxObj', 'mizhwi+VTA+Ind+Neg+Dub+0SgSubj+3PlObvObj', 'mizho+VTA+Ind+Neg+Dub+0SgSubj+3PlObvObj']"
25,omiinigosiinaawaadog,"['miizh+VTA+Ind+Neg+Dub+0SgSubj+3PlProxObj', 'miizh+VTA+Ind+Neg+Dub+0SgSubj+3PlObvObj']"
26,omawadisigosiinaawaadog,"['mawadish+VTA+Ind+Neg+Dub+0SgSubj+3PlProxObj', 'mawadish+VTA+Ind+Neg+Dub+0SgSubj+3PlObvObj']"
27,omikaagosiinaadog,"['mikaw+VTA+Ind+Neg+Dub+0SgSubj+3SgProxObj', 'mikaw+VTA+Ind+Neg+Dub+0SgSubj+3SgObvObj']"
28,owaabamigosiinaadog,"['waabam+VTA+Ind+Neg+Dub+0SgSubj+3SgProxObj', 'waabam+VTA+Ind+Neg+Dub+0SgSubj+3SgObvObj']"
29,omizhogosiinaadog,"['mizhwi+VTA+Ind+Neg+Dub+0SgSubj+3SgProxObj', 'mizho+VTA+Ind+Neg+Dub+0SgSubj+3SgProxObj', 'mizhwi+VTA+Ind+Neg+Dub+0SgSubj+3SgObvObj', 'mizho+VTA+Ind+Neg+Dub+0SgSubj+3SgObvObj']"
30,omiinigosiinaadog,"['miizh+VTA+Ind+Neg+Dub+0SgSubj+3SgProxObj', 'miizh+VTA+Ind+Neg+Dub+0SgSubj+3SgObvObj']"
31,omawadisigosiinaadog,"['mawadish+VTA+Ind+Neg+Dub+0SgSubj+3SgProxObj', 'mawadish+VTA+Ind+Neg+Dub+0SgSubj+3SgObvObj']"
32,nimizhogosiiminaadog,"['mizhwi+VTA+Ind+Neg+Dub+0SgSubj+ExclObj', 'mizho+VTA+Ind+Neg+Dub+0SgSubj+ExclObj']"
33,gimizhogosiiminaadog,"['mizhwi+VTA+Ind+Neg+Dub+0SgSubj+InclObj', 'mizho+VTA+Ind+Neg+Dub+0SgSubj+InclObj']"
34,gimizhosinooninimwaadog,"['mizhwi+VTA+Ind+Neg+Dub+1SgSubj+2PlObj', 'mizho+VTA+Ind+Neg+Dub+1SgSubj+2PlObj']"
35,gimizhosinooninaadog,"['mizhwi+VTA+Ind+Neg+Dub+1SgSubj+2SgObj', 'mizho+VTA+Ind+Neg+Dub+1SgSubj+2SgObj']"
36,nimizhomaasiidogena',"['mizhwi+VTA+Ind+Neg+Dub+1SgSubj+3PlObvObj', 'mizho+VTA+Ind+Neg+Dub+1SgSubj+3PlObvObj']"
37,nimizhwaasiidogenag,"['mizhwi+VTA+Ind+Neg+Dub+1SgSubj+3PlProxObj', 'mizho+VTA+Ind+Neg+Dub+1SgSubj+3PlProxObj']"
38,nimikawimaasiidogenan,"['mikaw+VTA+Ind+Neg+Dub+1SgSubj+3SgObvObj', 'mikaw+VTA+Ind+Neg+Dub+1SgSubj+3PlObvObj']"
39,niwaabamimaasiidogenan,"['waabam+VTA+Ind+Neg+Dub+1SgSubj+3SgObvObj', 'waabam+VTA+Ind+Neg+Dub+1SgSubj+3PlObvObj']"
40,nimizhomaasiidogenan,"['mizhwi+VTA+Ind+Neg+Dub+1SgSubj+3SgObvObj', 'mizho+VTA+Ind+Neg+Dub+1SgSubj+3SgObvObj', 'mizhwi+VTA+Ind+Neg+Dub+1SgSubj+3PlObvObj', 'mizho+VTA+Ind+Neg+Dub+1SgSubj+3PlObvObj']"
41,nimiinimaasiidogenan,"['miizh+VTA+Ind+Neg+Dub+1SgSubj+3SgObvObj', 'miizh+VTA+Ind+Neg+Dub+1SgSubj+3PlObvObj']"
42,nimawadisimaasiidogenan,"['mawadish+VTA+Ind+Neg+Dub+1SgSubj+3SgObvObj', 'mawadish+VTA+Ind+Neg+Dub+1SgSubj+3PlObvObj']"
43,nimizhwaasiidog,"['mizhwi+VTA+Ind+Neg+Dub+1SgSubj+3SgProxObj', 'mizho+VTA+Ind+Neg+Dub+1SgSubj+3SgProxObj']"
44,gimikawisiimwaadog,"['mikaw+VTA+Ind+Neg+Dub+2PlSubj+1SgObj', 'mikawi+VAI+Ind+Neg+Dub+2PlSubj']"
45,gimizhosiimwaadog,"['mizhwi+VTA+Ind+Neg+Dub+2PlSubj+1SgObj', 'mizho+VTA+Ind+Neg+Dub+2PlSubj+1SgObj']"
46,gimizhomaasiwaawaadogena',"['mizhwi+VTA+Ind+Neg+Dub+2PlSubj+3PlObvObj', 'mizho+VTA+Ind+Neg+Dub+2PlSubj+3PlObvObj']"
47,gimizhwaasiwaawaadogenag,"['mizhwi+VTA+Ind+Neg+Dub+2PlSubj+3PlProxObj', 'mizho+VTA+Ind+Neg+Dub+2PlSubj+3PlProxObj']"
48,gimikawaasiwaawaadog,"['mikaw+VTA+Ind+Neg+Dub+2PlSubj+3SgObvObj', 'mikaw+VTA+Ind+Neg+Dub+2PlSubj+3SgProxObj']"
49,giwaabamaasiwaawaadog,"['waabam+VTA+Ind+Neg+Dub+2PlSubj+3SgObvObj', 'waabam+VTA+Ind+Neg+Dub+2PlSubj+3SgProxObj']"
50,gimizhwaasiwaawaadog,"['mizhwi+VTA+Ind+Neg+Dub+2PlSubj+3SgObvObj', 'mizho+VTA+Ind+Neg+Dub+2PlSubj+3SgObvObj', 'mizhwi+VTA+Ind+Neg+Dub+2PlSubj+3SgProxObj', 'mizho+VTA+Ind+Neg+Dub+2PlSubj+3SgProxObj']"
51,gimiinaasiwaawaadog,"['miizh+VTA+Ind+Neg+Dub+2PlSubj+3SgObvObj', 'miizh+VTA+Ind+Neg+Dub+2PlSubj+3SgProxObj']"
52,gimawadisaasiwaawaadog,"['mawadish+VTA+Ind+Neg+Dub+2PlSubj+3SgObvObj', 'mawadish+VTA+Ind+Neg+Dub+2PlSubj+3SgProxObj']"
53,gimikawisiinaamaadog,"['mikaw+VTA+Ind+Neg+Dub+2SgSubj+ExclObj', 'mikaw+VTA+Ind+Neg+Dub+2PlSubj+ExclObj']"
54,giwaabamisiinaamaadog,"['waabam+VTA+Ind+Neg+Dub+2SgSubj+ExclObj', 'waabam+VTA+Ind+Neg+Dub+2PlSubj+ExclObj']"
55,gimizhosiinaamaadog,"['mizhwi+VTA+Ind+Neg+Dub+2SgSubj+ExclObj', 'mizho+VTA+Ind+Neg+Dub+2SgSubj+ExclObj', 'mizhwi+VTA+Ind+Neg+Dub+2PlSubj+ExclObj', 'mizho+VTA+Ind+Neg+Dub+2PlSubj+ExclObj']"
56,gimiizhisiinaamaadog,"['miizh+VTA+Ind+Neg+Dub+2SgSubj+ExclObj', 'miizh+VTA+Ind+Neg+Dub+2PlSubj+ExclObj']"
57,gimawadishisiinaamaadog,"['mawadish+VTA+Ind+Neg+Dub+2SgSubj+ExclObj', 'mawadish+VTA+Ind+Neg+Dub+2PlSubj+ExclObj']"
58,gimikawisiinaadog,"['mikaw+VTA+Ind+Neg+Dub+2SgSubj+1SgObj', 'mikawi+VAI+Ind+Neg+Dub+2SgSubj']"
59,gimizhosiinaadog,"['mizhwi+VTA+Ind+Neg+Dub+2SgSubj+1SgObj', 'mizho+VTA+Ind+Neg+Dub+2SgSubj+1SgObj']"
60,gimizhomaasiidogena',"['mizhwi+VTA+Ind+Neg+Dub+2SgSubj+3PlObvObj', 'mizho+VTA+Ind+Neg+Dub+2SgSubj+3PlObvObj']"
61,gimizhwaasiidogenag,"['mizhwi+VTA+Ind+Neg+Dub+2SgSubj+3PlProxObj', 'mizho+VTA+Ind+Neg+Dub+2SgSubj+3PlProxObj']"
62,gimikawimaasiidogenan,"['mikaw+VTA+Ind+Neg+Dub+2SgSubj+3SgObvObj', 'mikaw+VTA+Ind+Neg+Dub+2SgSubj+3PlObvObj']"
63,giwaabamimaasiidogenan,"['waabam+VTA+Ind+Neg+Dub+2SgSubj+3SgObvObj', 'waabam+VTA+Ind+Neg+Dub+2SgSubj+3PlObvObj']"
64,gimizhomaasiidogenan,"['mizhwi+VTA+Ind+Neg+Dub+2SgSubj+3SgObvObj', 'mizho+VTA+Ind+Neg+Dub+2SgSubj+3SgObvObj', 'mizhwi+VTA+Ind+Neg+Dub+2SgSubj+3PlObvObj', 'mizho+VTA+Ind+Neg+Dub+2SgSubj+3PlObvObj']"
65,gimiinimaasiidogenan,"['miizh+VTA+Ind+Neg+Dub+2SgSubj+3SgObvObj', 'miizh+VTA+Ind+Neg+Dub+2SgSubj+3PlObvObj']"
66,gimawadisimaasiidogenan,"['mawadish+VTA+Ind+Neg+Dub+2SgSubj+3SgObvObj', 'mawadish+VTA+Ind+Neg+Dub+2SgSubj+3PlObvObj']"
67,gimizhwaasiidog,"['mizhwi+VTA+Ind+Neg+Dub+2SgSubj+3SgProxObj', 'mizho+VTA+Ind+Neg+Dub+2SgSubj+3SgProxObj']"
68,omizhogosiiwaadogena',"['mizhwi+VTA+Ind+Neg+Dub+3PlObvSubj+3PlProxObj', 'mizho+VTA+Ind+Neg+Dub+3PlObvSubj+3PlProxObj']"
69,omizhogosiidogena',"['mizhwi+VTA+Ind+Neg+Dub+3PlObvSubj+3SgProxObj', 'mizho+VTA+Ind+Neg+Dub+3PlObvSubj+3SgProxObj']"
70,nimizhogosiidogenag,"['mizhwi+VTA+Ind+Neg+Dub+3PlProxSubj+1SgObj', 'mizho+VTA+Ind+Neg+Dub+3PlProxSubj+1SgObj']"
71,gimizhogosiiwaadogenag,"['mizhwi+VTA+Ind+Neg+Dub+3PlProxSubj+2PlObj', 'mizho+VTA+Ind+Neg+Dub+3PlProxSubj+2PlObj']"
72,gimizhogosiidogenag,"['mizhwi+VTA+Ind+Neg+Dub+3PlProxSubj+2SgObj', 'mizho+VTA+Ind+Neg+Dub+3PlProxSubj+2SgObj']"
73,omizhwaasiwaawaadogena',"['mizhwi+VTA+Ind+Neg+Dub+3PlProxSubj+3PlObvObj', 'mizho+VTA+Ind+Neg+Dub+3PlProxSubj+3PlObvObj']"
74,omikawaasiwaawaadogenan,"['mikaw+VTA+Ind+Neg+Dub+3PlProxSubj+3SgObvObj', 'mikaw+VTA+Ind+Neg+Dub+3PlProxSubj+3PlObvObj']"
75,owaabamaasiwaawaadogenan,"['waabam+VTA+Ind+Neg+Dub+3PlProxSubj+3SgObvObj', 'waabam+VTA+Ind+Neg+Dub+3PlProxSubj+3PlObvObj']"
76,omizhwaasiwaawaadogenan,"['mizhwi+VTA+Ind+Neg+Dub+3PlProxSubj+3SgObvObj', 'mizho+VTA+Ind+Neg+Dub+3PlProxSubj+3SgObvObj', 'mizhwi+VTA+Ind+Neg+Dub+3PlProxSubj+3PlObvObj', 'mizho+VTA+Ind+Neg+Dub+3PlProxSubj+3PlObvObj']"
77,omiinaasiwaawaadogenan,"['miizh+VTA+Ind+Neg+Dub+3PlProxSubj+3SgObvObj', 'miizh+VTA+Ind+Neg+Dub+3PlProxSubj+3PlObvObj']"
78,omawadisaasiwaawaadogenan,"['mawadish+VTA+Ind+Neg+Dub+3PlProxSubj+3SgObvObj', 'mawadish+VTA+Ind+Neg+Dub+3PlProxSubj+3PlObvObj']"
79,nimizhogosiinaadogenag,"['mizhwi+VTA+Ind+Neg+Dub+3PlProxSubj+ExclObj', 'mizho+VTA+Ind+Neg+Dub+3PlProxSubj+ExclObj']"
80,gimizhogosiinaadogenag,"['mizhwi+VTA+Ind+Neg+Dub+3PlProxSubj+InclObj', 'mizho+VTA+Ind+Neg+Dub+3PlProxSubj+InclObj']"
81,omikaagosiiwaadogenan,"['mikaw+VTA+Ind+Neg+Dub+3SgObvSubj+3PlProxObj', 'mikaw+VTA+Ind+Neg+Dub+3PlObvSubj+3PlProxObj']"
82,owaabamigosiiwaadogenan,"['waabam+VTA+Ind+Neg+Dub+3SgObvSubj+3PlProxObj', 'waabam+VTA+Ind+Neg+Dub+3PlObvSubj+3PlProxObj']"
83,omizhogosiiwaadogenan,"['mizhwi+VTA+Ind+Neg+Dub+3SgObvSubj+3PlProxObj', 'mizho+VTA+Ind+Neg+Dub+3SgObvSubj+3PlProxObj', 'mizhwi+VTA+Ind+Neg+Dub+3PlObvSubj+3PlProxObj', 'mizho+VTA+Ind+Neg+Dub+3PlObvSubj+3PlProxObj']"
84,omiinigosiiwaadogenan,"['miizh+VTA+Ind+Neg+Dub+3SgObvSubj+3PlProxObj', 'miizh+VTA+Ind+Neg+Dub+3PlObvSubj+3PlProxObj']"
85,omawadisigosiiwaadogenan,"['mawadish+VTA+Ind+Neg+Dub+3SgObvSubj+3PlProxObj', 'mawadish+VTA+Ind+Neg+Dub+3PlObvSubj+3PlProxObj']"
86,omikaagosiidogenan,"['mikaw+VTA+Ind+Neg+Dub+3SgObvSubj+3SgProxObj', 'mikaw+VTA+Ind+Neg+Dub+3PlObvSubj+3SgProxObj']"
87,owaabamigosiidogenan,"['waabam+VTA+Ind+Neg+Dub+3SgObvSubj+3SgProxObj', 'waabam+VTA+Ind+Neg+Dub+3PlObvSubj+3SgProxObj']"
88,omizhogosiidogenan,"['mizhwi+VTA+Ind+Neg+Dub+3SgObvSubj+3SgProxObj', 'mizho+VTA+Ind+Neg+Dub+3SgObvSubj+3SgProxObj', 'mizhwi+VTA+Ind+Neg+Dub+3PlObvSubj+3SgProxObj', 'mizho+VTA+Ind+Neg+Dub+3PlObvSubj+3SgProxObj']"
89,omiinigosiidogenan,"['miizh+VTA+Ind+Neg+Dub+3SgObvSubj+3SgProxObj', 'miizh+VTA+Ind+Neg+Dub+3PlObvSubj+3SgProxObj']"
90,omawadisigosiidogenan,"['mawadish+VTA+Ind+Neg+Dub+3SgObvSubj+3SgProxObj', 'mawadish+VTA+Ind+Neg+Dub+3PlObvSubj+3SgProxObj']"
91,nimizhogosiidog,"['mizhwi+VTA+Ind+Neg+Dub+3SgProxSubj+1SgObj', 'mizho+VTA+Ind+Neg+Dub+3SgProxSubj+1SgObj']"
92,gimizhogosiiwaadog,"['mizhwi+VTA+Ind+Neg+Dub+3SgProxSubj+2PlObj', 'mizho+VTA+Ind+Neg+Dub+3SgProxSubj+2PlObj']"
93,gimizhogosiidog,"['mizhwi+VTA+Ind+Neg+Dub+3SgProxSubj+2SgObj', 'mizho+VTA+Ind+Neg+Dub+3SgProxSubj+2SgObj']"
94,omizhwaasiidogena',"['mizhwi+VTA+Ind+Neg+Dub+3SgProxSubj+3PlObvObj', 'mizho+VTA+Ind+Neg+Dub+3SgProxSubj+3PlObvObj']"
95,omikawaasiidogenan,"['mikaw+VTA+Ind+Neg+Dub+3SgProxSubj+3SgObvObj', 'mikaw+VTA+Ind+Neg+Dub+3SgProxSubj+3PlObvObj']"
96,owaabamaasiidogenan,"['waabam+VTA+Ind+Neg+Dub+3SgProxSubj+3SgObvObj', 'waabam+VTA+Ind+Neg+Dub+3SgProxSubj+3PlObvObj']"
97,omizhwaasiidogenan,"['mizhwi+VTA+Ind+Neg+Dub+3SgProxSubj+3SgObvObj', 'mizho+VTA+Ind+Neg+Dub+3SgProxSubj+3SgObvObj', 'mizhwi+VTA+Ind+Neg+Dub+3SgProxSubj+3PlObvObj', 'mizho+VTA+Ind+Neg+Dub+3SgProxSubj+3PlObvObj']"
98,omiinaasiidogenan,"['miizh+VTA+Ind+Neg+Dub+3SgProxSubj+3SgObvObj', 'miizh+VTA+Ind+Neg+Dub+3SgProxSubj+3PlObvObj']"
99,omawadisaasiidogenan,"['mawadish+VTA+Ind+Neg+Dub+3SgProxSubj+3SgObvObj', 'mawadish+VTA+Ind+Neg+Dub+3SgProxSubj+3PlObvObj']"
100,gimikaagoosiimwaadog,"['mikaw+VTA+Ind+Neg+Dub+XSubj+2PlObj', 'mikaw+VTA+Ind+Neg+Dub+ExclSubj+2PlObj']"
101,giwaabamigoosiimwaadog,"['waabam+VTA+Ind+Neg+Dub+XSubj+2PlObj', 'waabam+VTA+Ind+Neg+Dub+ExclSubj+2PlObj']"
102,gimizhogoosiimwaadog,"['mizhwi+VTA+Ind+Neg+Dub+XSubj+2PlObj', 'mizho+VTA+Ind+Neg+Dub+XSubj+2PlObj', 'mizhwi+VTA+Ind+Neg+Dub+ExclSubj+2PlObj', 'mizho+VTA+Ind+Neg+Dub+ExclSubj+2PlObj']"
103,gimiinigoosiimwaadog,"['miizh+VTA+Ind+Neg+Dub+XSubj+2PlObj', 'miizh+VTA+Ind+Neg+Dub+ExclSubj+2PlObj']"
104,gimawadisigoosiimwaadog,"['mawadish+VTA+Ind+Neg+Dub+XSubj+2PlObj', 'mawadish+VTA+Ind+Neg+Dub+ExclSubj+2PlObj']"
105,gimikaagoosiinaadog,"['mikaw+VTA+Ind+Neg+Dub+XSubj+2SgObj', 'mikaw+VTA+Ind+Neg+Dub+ExclSubj+2SgObj']"
106,giwaabamigoosiinaadog,"['waabam+VTA+Ind+Neg+Dub+XSubj+2SgObj', 'waabam+VTA+Ind+Neg+Dub+ExclSubj+2SgObj']"
107,gimizhogoosiinaadog,"['mizhwi+VTA+Ind+Neg+Dub+XSubj+2SgObj', 'mizho+VTA+Ind+Neg+Dub+XSubj+2SgObj', 'mizhwi+VTA+Ind+Neg+Dub+ExclSubj+2SgObj', 'mizho+VTA+Ind+Neg+Dub+ExclSubj+2SgObj']"
108,gimiinigoosiinaadog,"['miizh+VTA+Ind+Neg+Dub+XSubj+2SgObj', 'miizh+VTA+Ind+Neg+Dub+ExclSubj+2SgObj']"
109,gimawadisigoosiinaadog,"['mawadish+VTA+Ind+Neg+Dub+XSubj+2SgObj', 'mawadish+VTA+Ind+Neg+Dub+ExclSubj+2SgObj']"
110,nimikawaasiwaanaadogenag,"['mikaw+VTA+Ind+Neg+Dub+ExclSubj+3PlObvObj', 'mikaw+VTA+Ind+Neg+Dub+ExclSubj+3PlProxObj']"
111,niwaabamaasiwaanaadogenag,"['waabam+VTA+Ind+Neg+Dub+ExclSubj+3PlObvObj', 'waabam+VTA+Ind+Neg+Dub+ExclSubj+3PlProxObj']"
112,nimizhwaasiwaanaadogenag,"['mizhwi+VTA+Ind+Neg+Dub+ExclSubj+3PlObvObj', 'mizho+VTA+Ind+Neg+Dub+ExclSubj+3PlObvObj', 'mizhwi+VTA+Ind+Neg+Dub+ExclSubj+3PlProxObj', 'mizho+VTA+Ind+Neg+Dub+ExclSubj+3PlProxObj']"
113,nimiinaasiwaanaadogenag,"['miizh+VTA+Ind+Neg+Dub+ExclSubj+3PlObvObj', 'miizh+VTA+Ind+Neg+Dub+ExclSubj+3PlProxObj']"
114,nimawadisaasiwaanaadogenag,"['mawadish+VTA+Ind+Neg+Dub+ExclSubj+3PlObvObj', 'mawadish+VTA+Ind+Neg+Dub+ExclSubj+3PlProxObj']"
115,nimizhwaasiwaanaadogenan,"['mizhwi+VTA+Ind+Neg+Dub+ExclSubj+3SgObvObj', 'mizho+VTA+Ind+Neg+Dub+ExclSubj+3SgObvObj']"
116,nimizhwaasiwaanaadog,"['mizhwi+VTA+Ind+Neg+Dub+ExclSubj+3SgProxObj', 'mizho+VTA+Ind+Neg+Dub+ExclSubj+3SgProxObj']"
117,gimikawaasiwaanaadogenag,"['mikaw+VTA+Ind+Neg+Dub+InclSubj+3PlObvObj', 'mikaw+VTA+Ind+Neg+Dub+InclSubj+3PlProxObj']"
118,giwaabamaasiwaanaadogenag,"['waabam+VTA+Ind+Neg+Dub+InclSubj+3PlObvObj', 'waabam+VTA+Ind+Neg+Dub+InclSubj+3PlProxObj']"
119,gimizhwaasiwaanaadogenag,"['mizhwi+VTA+Ind+Neg+Dub+InclSubj+3PlObvObj', 'mizho+VTA+Ind+Neg+Dub+InclSubj+3PlObvObj', 'mizhwi+VTA+Ind+Neg+Dub+InclSubj+3PlProxObj', 'mizho+VTA+Ind+Neg+Dub+InclSubj+3PlProxObj']"
120,gimiinaasiwaanaadogenag,"['miizh+VTA+Ind+Neg+Dub+InclSubj+3PlObvObj', 'miizh+VTA+Ind+Neg+Dub+InclSubj+3PlProxObj']"
121,gimawadisaasiwaanaadogenag,"['mawadish+VTA+Ind+Neg+Dub+InclSubj+3PlObvObj', 'mawadish+VTA+Ind+Neg+Dub+InclSubj+3PlProxObj']"
122,gimizhwaasiwaanaadogenan,"['mizhwi+VTA+Ind+Neg+Dub+InclSubj+3SgObvObj', 'mizho+VTA+Ind+Neg+Dub+InclSubj+3SgObvObj']"
123,gimizhwaasiwaanaadog,"['mizhwi+VTA+Ind+Neg+Dub+InclSubj+3SgProxObj', 'mizho+VTA+Ind+Neg+Dub+InclSubj+3SgProxObj']"
124,nimizhogoosiinaadog,"['mizhwi+VTA+Ind+Neg+Dub+XSubj+1SgObj', 'mizho+VTA+Ind+Neg+Dub+XSubj+1SgObj']"
125,mizhomaasiidogena',"['mizhwi+VTA+Ind+Neg+Dub+XSubj+3PlObvObj', 'mizho+VTA+Ind+Neg+Dub+XSubj+3PlObvObj']"
126,mizhwaasiidogenag,"['mizhwi+VTA+Ind+Neg+Dub+XSubj+3PlProxObj', 'mizho+VTA+Ind+Neg+Dub+XSubj+3PlProxObj']"
127,mikawimaasiidogenan,"['mikaw+VTA+Ind+Neg+Dub+XSubj+3SgObvObj', 'mikaw+VTA+Ind+Neg+Dub+XSubj+3PlObvObj']"
128,waabamimaasiidogenan,"['waabam+VTA+Ind+Neg+Dub+XSubj+3SgObvObj', 'waabam+VTA+Ind+Neg+Dub+XSubj+3PlObvObj']"
129,mizhomaasiidogenan,"['mizhwi+VTA+Ind+Neg+Dub+XSubj+3SgObvObj', 'mizho+VTA+Ind+Neg+Dub+XSubj+3SgObvObj', 'mizhwi+VTA+Ind+Neg+Dub+XSubj+3PlObvObj', 'mizho+VTA+Ind+Neg+Dub+XSubj+3PlObvObj']"
130,miinimaasiidogenan,"['miizh+VTA+Ind+Neg+Dub+XSubj+3SgObvObj', 'miizh+VTA+Ind+Neg+Dub+XSubj+3PlObvObj']"
131,mawadisimaasiidogenan,"['mawadish+VTA+Ind+Neg+Dub+XSubj+3SgObvObj', 'mawadish+VTA+Ind+Neg+Dub+XSubj+3PlObvObj']"
132,mizhwaasiidog,"['mizhwi+VTA+Ind+Neg+Dub+XSubj+3SgProxObj', 'mizho+VTA+Ind+Neg+Dub+XSubj+3SgProxObj']"
133,nimizhogoosiiminaadog,"['mizhwi+VTA+Ind+Neg+Dub+XSubj+ExclObj', 'mizho+VTA+Ind+Neg+Dub+XSubj+ExclObj']"
134,gimizhogoosiiminaadog,"['mizhwi+VTA+Ind+Neg+Dub+XSubj+InclObj', 'mizho+VTA+Ind+Neg+Dub+XSubj+InclObj']"
135,nimizhogonaadogenan,"['mizhwi+VTA+Ind+Pos+Dub+0PlSubj+1SgObj', 'mizho+VTA+Ind+Pos+Dub+0PlSubj+1SgObj']"
136,gimizhogonaawaadogenan,"['mizhwi+VTA+Ind+Pos+Dub+0PlSubj+2PlObj', 'mizho+VTA+Ind+Pos+Dub+0PlSubj+2PlObj']"
137,gimizhogonaadogenan,"['mizhwi+VTA+Ind+Pos+Dub+0PlSubj+2SgObj', 'mizho+VTA+Ind+Pos+Dub+0PlSubj+2SgObj']"
138,omikaagonaawaadogenan,"['mikaw+VTA+Ind+Pos+Dub+0PlSubj+3PlObvObj', 'mikaw+VTA+Ind+Pos+Dub+0PlSubj+3PlProxObj']"
139,owaabamigonaawaadogenan,"['waabam+VTA+Ind+Pos+Dub+0PlSubj+3PlObvObj', 'waabam+VTA+Ind+Pos+Dub+0PlSubj+3PlProxObj']"
140,omizhogonaawaadogenan,"['mizhwi+VTA+Ind+Pos+Dub+0PlSubj+3PlObvObj', 'mizho+VTA+Ind+Pos+Dub+0PlSubj+3PlObvObj', 'mizhwi+VTA+Ind+Pos+Dub+0PlSubj+3PlProxObj', 'mizho+VTA+Ind+Pos+Dub+0PlSubj+3PlProxObj']"
141,omiinigonaawaadogenan,"['miizh+VTA+Ind+Pos+Dub+0PlSubj+3PlObvObj', 'miizh+VTA+Ind+Pos+Dub+0PlSubj+3PlProxObj']"
142,omawadisigonaawaadogenan,"['mawadish+VTA+Ind+Pos+Dub+0PlSubj+3PlObvObj', 'mawadish+VTA+Ind+Pos+Dub+0PlSubj+3PlProxObj']"
143,omikaagonaadogenan,"['mikaw+VTA+Ind+Pos+Dub+0PlSubj+3SgObvObj', 'mikaw+VTA+Ind+Pos+Dub+0PlSubj+3SgProxObj']"
144,owaabamigonaadogenan,"['waabam+VTA+Ind+Pos+Dub+0PlSubj+3SgObvObj', 'waabam+VTA+Ind+Pos+Dub+0PlSubj+3SgProxObj']"
145,omizhogonaadogenan,"['mizhwi+VTA+Ind+Pos+Dub+0PlSubj+3SgObvObj', 'mizho+VTA+Ind+Pos+Dub+0PlSubj+3SgObvObj', 'mizhwi+VTA+Ind+Pos+Dub+0PlSubj+3SgProxObj', 'mizho+VTA+Ind+Pos+Dub+0PlSubj+3SgProxObj']"
146,omiinigonaadogenan,"['miizh+VTA+Ind+Pos+Dub+0PlSubj+3SgObvObj', 'miizh+VTA+Ind+Pos+Dub+0PlSubj+3SgProxObj']"
147,omawadisigonaadogenan,"['mawadish+VTA+Ind+Pos+Dub+0PlSubj+3SgObvObj', 'mawadish+VTA+Ind+Pos+Dub+0PlSubj+3SgProxObj']"
148,nimizhogominaadogenan,"['mizhwi+VTA+Ind+Pos+Dub+0PlSubj+ExclObj', 'mizho+VTA+Ind+Pos+Dub+0PlSubj+ExclObj']"
149,gimizhogominaadogenan,"['mizhwi+VTA+Ind+Pos+Dub+0PlSubj+InclObj', 'mizho+VTA+Ind+Pos+Dub+0PlSubj+InclObj']"
150,nimikaagonaadog,"['mikaw+VTA+Ind+Pos+Dub+3SgProxSubj+ExclObj', 'mikaw+VTA+Ind+Pos+Dub+0SgSubj+1SgObj']"
151,niwaabamigonaadog,"['waabam+VTA+Ind+Pos+Dub+0SgSubj+1SgObj', 'waabam+VTA+Ind+Pos+Dub+3SgProxSubj+ExclObj']"
152,nimizhogonaadog,"['mizhwi+VTA+Ind+Pos+Dub+0SgSubj+1SgObj', 'mizho+VTA+Ind+Pos+Dub+0SgSubj+1SgObj', 'mizhwi+VTA+Ind+Pos+Dub+3SgProxSubj+ExclObj', 'mizho+VTA+Ind+Pos+Dub+3SgProxSubj+ExclObj']"
153,nimiinigonaadog,"['miizh+VTA+Ind+Pos+Dub+0SgSubj+1SgObj', 'miizh+VTA+Ind+Pos+Dub+3SgProxSubj+ExclObj']"
154,nimawadisigonaadog,"['mawadish+VTA+Ind+Pos+Dub+0SgSubj+1SgObj', 'mawadish+VTA+Ind+Pos+Dub+3SgProxSubj+ExclObj']"
155,gimizhogonaawaadog,"['mizhwi+VTA+Ind+Pos+Dub+0SgSubj+2PlObj', 'mizho+VTA+Ind+Pos+Dub+0SgSubj+2PlObj']"
156,gimikaagonaadog,"['mikaw+VTA+Ind+Pos+Dub+3SgProxSubj+InclObj', 'mikaw+VTA+Ind+Pos+Dub+0SgSubj+2SgObj']"
157,giwaabamigonaadog,"['waabam+VTA+Ind+Pos+Dub+3SgProxSubj+InclObj', 'waabam+VTA+Ind+Pos+Dub+0SgSubj+2SgObj']"
158,gimizhogonaadog,"['mizhwi+VTA+Ind+Pos+Dub+3SgProxSubj+InclObj', 'mizho+VTA+Ind+Pos+Dub+3SgProxSubj+InclObj', 'mizhwi+VTA+Ind+Pos+Dub+0SgSubj+2SgObj', 'mizho+VTA+Ind+Pos+Dub+0SgSubj+2SgObj']"
159,gimiinigonaadog,"['miizh+VTA+Ind+Pos+Dub+3SgProxSubj+InclObj', 'miizh+VTA+Ind+Pos+Dub+0SgSubj+2SgObj']"
160,gimawadisigonaadog,"['mawadish+VTA+Ind+Pos+Dub+3SgProxSubj+InclObj', 'mawadish+VTA+Ind+Pos+Dub+0SgSubj+2SgObj']"
161,omikaagonaawaadog,"['mikaw+VTA+Ind+Pos+Dub+0SgSubj+3PlObvObj', 'mikaw+VTA+Ind+Pos+Dub+0SgSubj+3PlProxObj']"
162,owaabamigonaawaadog,"['waabam+VTA+Ind+Pos+Dub+0SgSubj+3PlObvObj', 'waabam+VTA+Ind+Pos+Dub+0SgSubj+3PlProxObj']"
163,omizhogonaawaadog,"['mizhwi+VTA+Ind+Pos+Dub+0SgSubj+3PlObvObj', 'mizho+VTA+Ind+Pos+Dub+0SgSubj+3PlObvObj', 'mizhwi+VTA+Ind+Pos+Dub+0SgSubj+3PlProxObj', 'mizho+VTA+Ind+Pos+Dub+0SgSubj+3PlProxObj']"
164,omiinigonaawaadog,"['miizh+VTA+Ind+Pos+Dub+0SgSubj+3PlObvObj', 'miizh+VTA+Ind+Pos+Dub+0SgSubj+3PlProxObj']"
165,omawadisigonaawaadog,"['mawadish+VTA+Ind+Pos+Dub+0SgSubj+3PlObvObj', 'mawadish+VTA+Ind+Pos+Dub+0SgSubj+3PlProxObj']"
166,omikaagonaadog,"['mikaw+VTA+Ind+Pos+Dub+0SgSubj+3SgObvObj', 'mikaw+VTA+Ind+Pos+Dub+0SgSubj+3SgProxObj']"
167,owaabamigonaadog,"['waabam+VTA+Ind+Pos+Dub+0SgSubj+3SgObvObj', 'waabam+VTA+Ind+Pos+Dub+0SgSubj+3SgProxObj']"
168,omizhogonaadog,"['mizhwi+VTA+Ind+Pos+Dub+0SgSubj+3SgObvObj', 'mizho+VTA+Ind+Pos+Dub+0SgSubj+3SgObvObj', 'mizhwi+VTA+Ind+Pos+Dub+0SgSubj+3SgProxObj', 'mizho+VTA+Ind+Pos+Dub+0SgSubj+3SgProxObj']"
169,omiinigonaadog,"['miizh+VTA+Ind+Pos+Dub+0SgSubj+3SgObvObj', 'miizh+VTA+Ind+Pos+Dub+0SgSubj+3SgProxObj']"
170,omawadisigonaadog,"['mawadish+VTA+Ind+Pos+Dub+0SgSubj+3SgObvObj', 'mawadish+VTA+Ind+Pos+Dub+0SgSubj+3SgProxObj']"
171,nimizhogominaadog,"['mizhwi+VTA+Ind+Pos+Dub+0SgSubj+ExclObj', 'mizho+VTA+Ind+Pos+Dub+0SgSubj+ExclObj']"
172,gimizhogominaadog,"['mizhwi+VTA+Ind+Pos+Dub+0SgSubj+InclObj', 'mizho+VTA+Ind+Pos+Dub+0SgSubj+InclObj']"
173,gimizhoninimwaadog,"['mizhwi+VTA+Ind+Pos+Dub+1SgSubj+2PlObj', 'mizho+VTA+Ind+Pos+Dub+1SgSubj+2PlObj']"
174,gimizhoninaadog,"['mizhwi+VTA+Ind+Pos+Dub+1SgSubj+2SgObj', 'mizho+VTA+Ind+Pos+Dub+1SgSubj+2SgObj']"
175,nimizhomaadogena',"['mizhwi+VTA+Ind+Pos+Dub+1SgSubj+3PlObvObj', 'mizho+VTA+Ind+Pos+Dub+1SgSubj+3PlObvObj']"
176,nimizhwaadogenag,"['mizhwi+VTA+Ind+Pos+Dub+1SgSubj+3PlProxObj', 'mizho+VTA+Ind+Pos+Dub+1SgSubj+3PlProxObj']"
177,nimikawimaadogenan,"['mikaw+VTA+Ind+Pos+Dub+1SgSubj+3SgObvObj', 'mikaw+VTA+Ind+Pos+Dub+1SgSubj+3PlObvObj']"
178,niwaabamimaadogenan,"['waabam+VTA+Ind+Pos+Dub+1SgSubj+3SgObvObj', 'waabam+VTA+Ind+Pos+Dub+1SgSubj+3PlObvObj']"
179,nimizhomaadogenan,"['mizhwi+VTA+Ind+Pos+Dub+1SgSubj+3SgObvObj', 'mizho+VTA+Ind+Pos+Dub+1SgSubj+3SgObvObj', 'mizhwi+VTA+Ind+Pos+Dub+1SgSubj+3PlObvObj', 'mizho+VTA+Ind+Pos+Dub+1SgSubj+3PlObvObj']"
180,nimiinimaadogenan,"['miizh+VTA+Ind+Pos+Dub+1SgSubj+3SgObvObj', 'miizh+VTA+Ind+Pos+Dub+1SgSubj+3PlObvObj']"
181,nimawadisimaadogenan,"['mawadish+VTA+Ind+Pos+Dub+1SgSubj+3SgObvObj', 'mawadish+VTA+Ind+Pos+Dub+1SgSubj+3PlObvObj']"
182,nimizhwaadog,"['mizhwi+VTA+Ind+Pos+Dub+1SgSubj+3SgProxObj', 'mizho+VTA+Ind+Pos+Dub+1SgSubj+3SgProxObj']"
183,gimikawimwaadog,"['mikaw+VTA+Ind+Pos+Dub+2PlSubj+1SgObj', 'mikawi+VAI+Ind+Pos+Dub+2PlSubj']"
184,gimizhomwaadog,"['mizhwi+VTA+Ind+Pos+Dub+2PlSubj+1SgObj', 'mizho+VTA+Ind+Pos+Dub+2PlSubj+1SgObj']"
185,gimizhomaawaadogena',"['mizhwi+VTA+Ind+Pos+Dub+2PlSubj+3PlObvObj', 'mizho+VTA+Ind+Pos+Dub+2PlSubj+3PlObvObj']"
186,gimizhwaawaadogenag,"['mizhwi+VTA+Ind+Pos+Dub+2PlSubj+3PlProxObj', 'mizho+VTA+Ind+Pos+Dub+2PlSubj+3PlProxObj']"
187,gimizhwaawaadogenan,"['mizhwi+VTA+Ind+Pos+Dub+2PlSubj+3SgObvObj', 'mizho+VTA+Ind+Pos+Dub+2PlSubj+3SgObvObj']"
188,gimizhwaawaadog,"['mizhwi+VTA+Ind+Pos+Dub+2PlSubj+3SgProxObj', 'mizho+VTA+Ind+Pos+Dub+2PlSubj+3SgProxObj']"
189,gimikawinaamaadog,"['mikaw+VTA+Ind+Pos+Dub+2SgSubj+ExclObj', 'mikaw+VTA+Ind+Pos+Dub+2PlSubj+ExclObj']"
190,giwaabaminaamaadog,"['waabam+VTA+Ind+Pos+Dub+2SgSubj+ExclObj', 'waabam+VTA+Ind+Pos+Dub+2PlSubj+ExclObj']"
191,gimizhonaamaadog,"['mizhwi+VTA+Ind+Pos+Dub+2SgSubj+ExclObj', 'mizho+VTA+Ind+Pos+Dub+2SgSubj+ExclObj', 'mizhwi+VTA+Ind+Pos+Dub+2PlSubj+ExclObj', 'mizho+VTA+Ind+Pos+Dub+2PlSubj+ExclObj']"
192,gimiizhinaamaadog,"['miizh+VTA+Ind+Pos+Dub+2SgSubj+ExclObj', 'miizh+VTA+Ind+Pos+Dub+2PlSubj+ExclObj']"
193,gimawadishinaamaadog,"['mawadish+VTA+Ind+Pos+Dub+2SgSubj+ExclObj', 'mawadish+VTA+Ind+Pos+Dub+2PlSubj+ExclObj']"
194,gimikawinaadog,"['mikaw+VTA+Ind+Pos+Dub+2SgSubj+1SgObj', 'mikawi+VAI+Ind+Pos+Dub+2SgSubj']"
195,gimizhonaadog,"['mizhwi+VTA+Ind+Pos+Dub+2SgSubj+1SgObj', 'mizho+VTA+Ind+Pos+Dub+2SgSubj+1SgObj']"
196,gimizhomaadogena',"['mizhwi+VTA+Ind+Pos+Dub+2SgSubj+3PlObvObj', 'mizho+VTA+Ind+Pos+Dub+2SgSubj+3PlObvObj']"
197,gimizhwaadogenag,"['mizhwi+VTA+Ind+Pos+Dub+2SgSubj+3PlProxObj', 'mizho+VTA+Ind+Pos+Dub+2SgSubj+3PlProxObj']"
198,gimikawimaadogenan,"['mikaw+VTA+Ind+Pos+Dub+2SgSubj+3SgObvObj', 'mikaw+VTA+Ind+Pos+Dub+2SgSubj+3PlObvObj']"
199,giwaabamimaadogenan,"['waabam+VTA+Ind+Pos+Dub+2SgSubj+3SgObvObj', 'waabam+VTA+Ind+Pos+Dub+2SgSubj+3PlObvObj']"
200,gimizhomaadogenan,"['mizhwi+VTA+Ind+Pos+Dub+2SgSubj+3SgObvObj', 'mizho+VTA+Ind+Pos+Dub+2SgSubj+3SgObvObj', 'mizhwi+VTA+Ind+Pos+Dub+2SgSubj+3PlObvObj', 'mizho+VTA+Ind+Pos+Dub+2SgSubj+3PlObvObj']"
201,gimiinimaadogenan,"['miizh+VTA+Ind+Pos+Dub+2SgSubj+3SgObvObj', 'miizh+VTA+Ind+Pos+Dub+2SgSubj+3PlObvObj']"
202,gimawadisimaadogenan,"['mawadish+VTA+Ind+Pos+Dub+2SgSubj+3SgObvObj', 'mawadish+VTA+Ind+Pos+Dub+2SgSubj+3PlObvObj']"
203,gimizhwaadog,"['mizhwi+VTA+Ind+Pos+Dub+2SgSubj+3SgProxObj', 'mizho+VTA+Ind+Pos+Dub+2SgSubj+3SgProxObj']"
204,omizhogowaadogena',"['mizhwi+VTA+Ind+Pos+Dub+3PlObvSubj+3PlProxObj', 'mizho+VTA+Ind+Pos+Dub+3PlObvSubj+3PlProxObj']"
205,omizhogodogena',"['mizhwi+VTA+Ind+Pos+Dub+3PlObvSubj+3SgProxObj', 'mizho+VTA+Ind+Pos+Dub+3PlObvSubj+3SgProxObj']"
206,nimizhogodogenag,"['mizhwi+VTA+Ind+Pos+Dub+3PlProxSubj+1SgObj', 'mizho+VTA+Ind+Pos+Dub+3PlProxSubj+1SgObj']"
207,gimizhogowaadogenag,"['mizhwi+VTA+Ind+Pos+Dub+3PlProxSubj+2PlObj', 'mizho+VTA+Ind+Pos+Dub+3PlProxSubj+2PlObj']"
208,gimizhogodogenag,"['mizhwi+VTA+Ind+Pos+Dub+3PlProxSubj+2SgObj', 'mizho+VTA+Ind+Pos+Dub+3PlProxSubj+2SgObj']"
209,omizhwaawaadogena',"['mizhwi+VTA+Ind+Pos+Dub+3PlProxSubj+3PlObvObj', 'mizho+VTA+Ind+Pos+Dub+3PlProxSubj+3PlObvObj']"
210,omikawaawaadogenan,"['mikaw+VTA+Ind+Pos+Dub+3PlProxSubj+3SgObvObj', 'mikaw+VTA+Ind+Pos+Dub+3PlProxSubj+3PlObvObj']"
211,owaabamaawaadogenan,"['waabam+VTA+Ind+Pos+Dub+3PlProxSubj+3SgObvObj', 'waabam+VTA+Ind+Pos+Dub+3PlProxSubj+3PlObvObj']"
212,omizhwaawaadogenan,"['mizhwi+VTA+Ind+Pos+Dub+3PlProxSubj+3SgObvObj', 'mizho+VTA+Ind+Pos+Dub+3PlProxSubj+3SgObvObj', 'mizhwi+VTA+Ind+Pos+Dub+3PlProxSubj+3PlObvObj', 'mizho+VTA+Ind+Pos+Dub+3PlProxSubj+3PlObvObj']"
213,omiinaawaadogenan,"['miizh+VTA+Ind+Pos+Dub+3PlProxSubj+3SgObvObj', 'miizh+VTA+Ind+Pos+Dub+3PlProxSubj+3PlObvObj']"
214,omawadisaawaadogenan,"['mawadish+VTA+Ind+Pos+Dub+3PlProxSubj+3SgObvObj', 'mawadish+VTA+Ind+Pos+Dub+3PlProxSubj+3PlObvObj']"
215,nimizhogonaadogenag,"['mizhwi+VTA+Ind+Pos+Dub+3PlProxSubj+ExclObj', 'mizho+VTA+Ind+Pos+Dub+3PlProxSubj+ExclObj']"
216,gimizhogonaadogenag,"['mizhwi+VTA+Ind+Pos+Dub+3PlProxSubj+InclObj', 'mizho+VTA+Ind+Pos+Dub+3PlProxSubj+InclObj']"
217,omikaagowaadogenan,"['mikaw+VTA+Ind+Pos+Dub+3SgObvSubj+3PlProxObj', 'mikaw+VTA+Ind+Pos+Dub+3PlObvSubj+3PlProxObj']"
218,owaabamigowaadogenan,"['waabam+VTA+Ind+Pos+Dub+3SgObvSubj+3PlProxObj', 'waabam+VTA+Ind+Pos+Dub+3PlObvSubj+3PlProxObj']"
219,omizhogowaadogenan,"['mizhwi+VTA+Ind+Pos+Dub+3SgObvSubj+3PlProxObj', 'mizho+VTA+Ind+Pos+Dub+3SgObvSubj+3PlProxObj', 'mizhwi+VTA+Ind+Pos+Dub+3PlObvSubj+3PlProxObj', 'mizho+VTA+Ind+Pos+Dub+3PlObvSubj+3PlProxObj']"
220,omiinigowaadogenan,"['miizh+VTA+Ind+Pos+Dub+3SgObvSubj+3PlProxObj', 'miizh+VTA+Ind+Pos+Dub+3PlObvSubj+3PlProxObj']"
221,omawadisigowaadogenan,"['mawadish+VTA+Ind+Pos+Dub+3SgObvSubj+3PlProxObj', 'mawadish+VTA+Ind+Pos+Dub+3PlObvSubj+3PlProxObj']"
222,omikaagodogenan,"['mikaw+VTA+Ind+Pos+Dub+3SgObvSubj+3SgProxObj', 'mikaw+VTA+Ind+Pos+Dub+3PlObvSubj+3SgProxObj']"
223,owaabamigodogenan,"['waabam+VTA+Ind+Pos+Dub+3SgObvSubj+3SgProxObj', 'waabam+VTA+Ind+Pos+Dub+3PlObvSubj+3SgProxObj']"
224,omizhogodogenan,"['mizhwi+VTA+Ind+Pos+Dub+3SgObvSubj+3SgProxObj', 'mizho+VTA+Ind+Pos+Dub+3SgObvSubj+3SgProxObj', 'mizhwi+VTA+Ind+Pos+Dub+3PlObvSubj+3SgProxObj', 'mizho+VTA+Ind+Pos+Dub+3PlObvSubj+3SgProxObj']"
225,omiinigodogenan,"['miizh+VTA+Ind+Pos+Dub+3SgObvSubj+3SgProxObj', 'miizh+VTA+Ind+Pos+Dub+3PlObvSubj+3SgProxObj']"
226,omawadisigodogenan,"['mawadish+VTA+Ind+Pos+Dub+3SgObvSubj+3SgProxObj', 'mawadish+VTA+Ind+Pos+Dub+3PlObvSubj+3SgProxObj']"
227,nimizhogodog,"['mizhwi+VTA+Ind+Pos+Dub+3SgProxSubj+1SgObj', 'mizho+VTA+Ind+Pos+Dub+3SgProxSubj+1SgObj']"
228,gimizhogowaadog,"['mizhwi+VTA+Ind+Pos+Dub+3SgProxSubj+2PlObj', 'mizho+VTA+Ind+Pos+Dub+3SgProxSubj+2PlObj']"
229,gimizhogodog,"['mizhwi+VTA+Ind+Pos+Dub+3SgProxSubj+2SgObj', 'mizho+VTA+Ind+Pos+Dub+3SgProxSubj+2SgObj']"
230,omizhwaadogena',"['mizhwi+VTA+Ind+Pos+Dub+3SgProxSubj+3PlObvObj', 'mizho+VTA+Ind+Pos+Dub+3SgProxSubj+3PlObvObj']"
231,omikawaadogenan,"['mikaw+VTA+Ind+Pos+Dub+3SgProxSubj+3SgObvObj', 'mikaw+VTA+Ind+Pos+Dub+3SgProxSubj+3PlObvObj']"
232,owaabamaadogenan,"['waabam+VTA+Ind+Pos+Dub+3SgProxSubj+3SgObvObj', 'waabam+VTA+Ind+Pos+Dub+3SgProxSubj+3PlObvObj']"
233,omizhwaadogenan,"['mizhwi+VTA+Ind+Pos+Dub+3SgProxSubj+3SgObvObj', 'mizho+VTA+Ind+Pos+Dub+3SgProxSubj+3SgObvObj', 'mizhwi+VTA+Ind+Pos+Dub+3SgProxSubj+3PlObvObj', 'mizho+VTA+Ind+Pos+Dub+3SgProxSubj+3PlObvObj']"
234,omiinaadogenan,"['miizh+VTA+Ind+Pos+Dub+3SgProxSubj+3SgObvObj', 'miizh+VTA+Ind+Pos+Dub+3SgProxSubj+3PlObvObj']"
235,omawadisaadogenan,"['mawadish+VTA+Ind+Pos+Dub+3SgProxSubj+3SgObvObj', 'mawadish+VTA+Ind+Pos+Dub+3SgProxSubj+3PlObvObj']"
236,gimikaagoomwaadog,"['mikaw+VTA+Ind+Pos+Dub+XSubj+2PlObj', 'mikaw+VTA+Ind+Pos+Dub+ExclSubj+2PlObj']"
237,giwaabamigoomwaadog,"['waabam+VTA+Ind+Pos+Dub+XSubj+2PlObj', 'waabam+VTA+Ind+Pos+Dub+ExclSubj+2PlObj']"
238,gimizhogoomwaadog,"['mizhwi+VTA+Ind+Pos+Dub+XSubj+2PlObj', 'mizho+VTA+Ind+Pos+Dub+XSubj+2PlObj', 'mizhwi+VTA+Ind+Pos+Dub+ExclSubj+2PlObj', 'mizho+VTA+Ind+Pos+Dub+ExclSubj+2PlObj']"
239,gimiinigoomwaadog,"['miizh+VTA+Ind+Pos+Dub+XSubj+2PlObj', 'miizh+VTA+Ind+Pos+Dub+ExclSubj+2PlObj']"
240,gimawadisigoomwaadog,"['mawadish+VTA+Ind+Pos+Dub+XSubj+2PlObj', 'mawadish+VTA+Ind+Pos+Dub+ExclSubj+2PlObj']"
241,gimikaagoonaadog,"['mikaw+VTA+Ind+Pos+Dub+ExclSubj+2SgObj', 'mikaw+VTA+Ind+Pos+Dub+XSubj+2SgObj']"
242,giwaabamigoonaadog,"['waabam+VTA+Ind+Pos+Dub+XSubj+2SgObj', 'waabam+VTA+Ind+Pos+Dub+ExclSubj+2SgObj']"
243,gimizhogoonaadog,"['mizhwi+VTA+Ind+Pos+Dub+XSubj+2SgObj', 'mizho+VTA+Ind+Pos+Dub+XSubj+2SgObj', 'mizhwi+VTA+Ind+Pos+Dub+ExclSubj+2SgObj', 'mizho+VTA+Ind+Pos+Dub+ExclSubj+2SgObj']"
244,gimiinigoonaadog,"['miizh+VTA+Ind+Pos+Dub+XSubj+2SgObj', 'miizh+VTA+Ind+Pos+Dub+ExclSubj+2SgObj']"
245,gimawadisigoonaadog,"['mawadish+VTA+Ind+Pos+Dub+XSubj+2SgObj', 'mawadish+VTA+Ind+Pos+Dub+ExclSubj+2SgObj']"
246,nimikawaanaadogenag,"['mikaw+VTA+Ind+Pos+Dub+ExclSubj+3PlProxObj', 'mikaw+VTA+Ind+Pos+Dub+ExclSubj+3PlObvObj']"
247,niwaabamaanaadogenag,"['waabam+VTA+Ind+Pos+Dub+ExclSubj+3PlProxObj', 'waabam+VTA+Ind+Pos+Dub+ExclSubj+3PlObvObj']"
248,nimizhwaanaadogenag,"['mizhwi+VTA+Ind+Pos+Dub+ExclSubj+3PlProxObj', 'mizho+VTA+Ind+Pos+Dub+ExclSubj+3PlProxObj', 'mizhwi+VTA+Ind+Pos+Dub+ExclSubj+3PlObvObj', 'mizho+VTA+Ind+Pos+Dub+ExclSubj+3PlObvObj']"
249,nimiinaanaadogenag,"['miizh+VTA+Ind+Pos+Dub+ExclSubj+3PlProxObj', 'miizh+VTA+Ind+Pos+Dub+ExclSubj+3PlObvObj']"
250,nimawadisaanaadogenag,"['mawadish+VTA+Ind+Pos+Dub+ExclSubj+3PlProxObj', 'mawadish+VTA+Ind+Pos+Dub+ExclSubj+3PlObvObj']"
251,nimizhwaanaadogenan,"['mizhwi+VTA+Ind+Pos+Dub+ExclSubj+3SgObvObj', 'mizho+VTA+Ind+Pos+Dub+ExclSubj+3SgObvObj']"
252,nimizhwaanaadog,"['mizhwi+VTA+Ind+Pos+Dub+ExclSubj+3SgProxObj', 'mizho+VTA+Ind+Pos+Dub+ExclSubj+3SgProxObj']"
253,gimikawaanaadogenag,"['mikaw+VTA+Ind+Pos+Dub+InclSubj+3PlProxObj', 'mikaw+VTA+Ind+Pos+Dub+InclSubj+3PlObvObj']"
254,giwaabamaanaadogenag,"['waabam+VTA+Ind+Pos+Dub+InclSubj+3PlProxObj', 'waabam+VTA+Ind+Pos+Dub+InclSubj+3PlObvObj']"
255,gimizhwaanaadogenag,"['mizhwi+VTA+Ind+Pos+Dub+InclSubj+3PlProxObj', 'mizho+VTA+Ind+Pos+Dub+InclSubj+3PlProxObj', 'mizhwi+VTA+Ind+Pos+Dub+InclSubj+3PlObvObj', 'mizho+VTA+Ind+Pos+Dub+InclSubj+3PlObvObj']"
256,gimiinaanaadogenag,"['miizh+VTA+Ind+Pos+Dub+InclSubj+3PlProxObj', 'miizh+VTA+Ind+Pos+Dub+InclSubj+3PlObvObj']"
257,gimawadisaanaadogenag,"['mawadish+VTA+Ind+Pos+Dub+InclSubj+3PlProxObj', 'mawadish+VTA+Ind+Pos+Dub+InclSubj+3PlObvObj']"
258,gimizhwaanaadogenan,"['mizhwi+VTA+Ind+Pos+Dub+InclSubj+3SgObvObj', 'mizho+VTA+Ind+Pos+Dub+InclSubj+3SgObvObj']"
259,gimizhwaanaadog,"['mizhwi+VTA+Ind+Pos+Dub+InclSubj+3SgProxObj', 'mizho+VTA+Ind+Pos+Dub+InclSubj+3SgProxObj']"
260,nimizhogoonaadog,"['mizhwi+VTA+Ind+Pos+Dub+XSubj+1SgObj', 'mizho+VTA+Ind+Pos+Dub+XSubj+1SgObj']"
261,mizhomaadogena',"['mizhwi+VTA+Ind+Pos+Dub+XSubj+3PlObvObj', 'mizho+VTA+Ind+Pos+Dub+XSubj+3PlObvObj']"
262,mizhwaadogenag,"['mizhwi+VTA+Ind+Pos+Dub+XSubj+3PlProxObj', 'mizho+VTA+Ind+Pos+Dub+XSubj+3PlProxObj']"
263,mikawimaadogenan,"['mikaw+VTA+Ind+Pos+Dub+XSubj+3SgObvObj', 'mikaw+VTA+Ind+Pos+Dub+XSubj+3PlObvObj']"
264,waabamimaadogenan,"['waabam+VTA+Ind+Pos+Dub+XSubj+3SgObvObj', 'waabam+VTA+Ind+Pos+Dub+XSubj+3PlObvObj']"
265,mizhomaadogenan,"['mizhwi+VTA+Ind+Pos+Dub+XSubj+3SgObvObj', 'mizho+VTA+Ind+Pos+Dub+XSubj+3SgObvObj', 'mizhwi+VTA+Ind+Pos+Dub+XSubj+3PlObvObj', 'mizho+VTA+Ind+Pos+Dub+XSubj+3PlObvObj']"
266,miinimaadogenan,"['miizh+VTA+Ind+Pos+Dub+XSubj+3SgObvObj', 'miizh+VTA+Ind+Pos+Dub+XSubj+3PlObvObj']"
267,mawadisimaadogenan,"['mawadish+VTA+Ind+Pos+Dub+XSubj+3SgObvObj', 'mawadish+VTA+Ind+Pos+Dub+XSubj+3PlObvObj']"
268,mizhwaadog,"['mizhwi+VTA+Ind+Pos+Dub+XSubj+3SgProxObj', 'mizho+VTA+Ind+Pos+Dub+XSubj+3SgProxObj']"
269,nimizhogoominaadog,"['mizhwi+VTA+Ind+Pos+Dub+XSubj+ExclObj', 'mizho+VTA+Ind+Pos+Dub+XSubj+ExclObj']"
270,gimizhogoominaadog,"['mizhwi+VTA+Ind+Pos+Dub+XSubj+InclObj', 'mizho+VTA+Ind+Pos+Dub+XSubj+InclObj']"
271,nimizhogosiinan,"['mizhwi+VTA+Ind+Neg+Neu+0PlSubj+1SgObj', 'mizho+VTA+Ind+Neg+Neu+0PlSubj+1SgObj']"
272,gimizhogosiinaawaan,"['mizhwi+VTA+Ind+Neg+Neu+0PlSubj+2PlObj', 'mizho+VTA+Ind+Neg+Neu+0PlSubj+2PlObj']"
273,gimizhogosiinan,"['mizhwi+VTA+Ind+Neg+Neu+0PlSubj+2SgObj', 'mizho+VTA+Ind+Neg+Neu+0PlSubj+2SgObj']"
274,omizhogosiinaawan,"['mizhwi+VTA+Ind+Neg+Neu+0PlSubj+3PlObvObj', 'mizho+VTA+Ind+Neg+Neu+0PlSubj+3PlObvObj']"
275,omikaagosiinaawaan,"['mikaw+VTA+Ind+Neg+Neu+0PlSubj+3PlProxObj', 'mikaw+VTA+Ind+Neg+Neu+0SgSubj+3PlProxObj']"
276,omizhogosiinaawaan,"['mizhwi+VTA+Ind+Neg+Neu+0PlSubj+3PlProxObj', 'mizho+VTA+Ind+Neg+Neu+0PlSubj+3PlProxObj', 'mizhwi+VTA+Ind+Neg+Neu+0SgSubj+3PlProxObj', 'mizho+VTA+Ind+Neg+Neu+0SgSubj+3PlProxObj']"
277,omikaagosiinan,"['mikaw+VTA+Ind+Neg+Neu+0PlSubj+3SgProxObj', 'mikaw+VTA+Ind+Neg+Neu+0PlSubj+3SgObvObj']"
278,owaabamigosiinan,"['waabam+VTA+Ind+Neg+Neu+0PlSubj+3SgProxObj', 'waabam+VTA+Ind+Neg+Neu+0PlSubj+3SgObvObj']"
279,omizhogosiinan,"['mizhwi+VTA+Ind+Neg+Neu+0PlSubj+3SgProxObj', 'mizho+VTA+Ind+Neg+Neu+0PlSubj+3SgProxObj', 'mizhwi+VTA+Ind+Neg+Neu+0PlSubj+3SgObvObj', 'mizho+VTA+Ind+Neg+Neu+0PlSubj+3SgObvObj']"
280,omiinigosiinan,"['miizh+VTA+Ind+Neg+Neu+0PlSubj+3SgProxObj', 'miizh+VTA+Ind+Neg+Neu+0PlSubj+3SgObvObj']"
281,omawadisigosiinan,"['mawadish+VTA+Ind+Neg+Neu+0PlSubj+3SgProxObj', 'mawadish+VTA+Ind+Neg+Neu+0PlSubj+3SgObvObj']"
282,nimikaagosiimin,"['mikaw+VTA+Ind+Neg+Neu+0PlSubj+ExclObj', 'mikaw+VTA+Ind+Neg+Neu+0SgSubj+ExclObj']"
283,niwaabamigosiimin,"['waabam+VTA+Ind+Neg+Neu+0PlSubj+ExclObj', 'waabam+VTA+Ind+Neg+Neu+0SgSubj+ExclObj']"
284,nimizhogosiimin,"['mizhwi+VTA+Ind+Neg+Neu+0PlSubj+ExclObj', 'mizho+VTA+Ind+Neg+Neu+0PlSubj+ExclObj', 'mizhwi+VTA+Ind+Neg+Neu+0SgSubj+ExclObj', 'mizho+VTA+Ind+Neg+Neu+0SgSubj+ExclObj']"
285,nimiinigosiimin,"['miizh+VTA+Ind+Neg+Neu+0PlSubj+ExclObj', 'miizh+VTA+Ind+Neg+Neu+0SgSubj+ExclObj']"
286,nimawadisigosiimin,"['mawadish+VTA+Ind+Neg+Neu+0PlSubj+ExclObj', 'mawadish+VTA+Ind+Neg+Neu+0SgSubj+ExclObj']"
287,gimikaagosiimin,"['mikaw+VTA+Ind+Neg+Neu+0PlSubj+InclObj', 'mikaw+VTA+Ind+Neg+Neu+0SgSubj+InclObj']"
288,giwaabamigosiimin,"['waabam+VTA+Ind+Neg+Neu+0PlSubj+InclObj', 'waabam+VTA+Ind+Neg+Neu+0SgSubj+InclObj']"
289,gimizhogosiimin,"['mizhwi+VTA+Ind+Neg+Neu+0PlSubj+InclObj', 'mizho+VTA+Ind+Neg+Neu+0PlSubj+InclObj', 'mizhwi+VTA+Ind+Neg+Neu+0SgSubj+InclObj', 'mizho+VTA+Ind+Neg+Neu+0SgSubj+InclObj']"
290,gimiinigosiimin,"['miizh+VTA+Ind+Neg+Neu+0PlSubj+InclObj', 'miizh+VTA+Ind+Neg+Neu+0SgSubj+InclObj']"
291,gimawadisigosiimin,"['mawadish+VTA+Ind+Neg+Neu+0PlSubj+InclObj', 'mawadish+VTA+Ind+Neg+Neu+0SgSubj+InclObj']"
292,nimikaagosiin,"['mikaw+VTA+Ind+Neg+Neu+3SgProxSubj+1SgObj', 'mikaw+VTA+Ind+Neg+Neu+0SgSubj+1SgObj']"
293,niwaabamigosiin,"['waabam+VTA+Ind+Neg+Neu+0SgSubj+1SgObj', 'waabam+VTA+Ind+Neg+Neu+3SgProxSubj+1SgObj']"
294,nimizhogosiin,"['mizhwi+VTA+Ind+Neg+Neu+0SgSubj+1SgObj', 'mizho+VTA+Ind+Neg+Neu+0SgSubj+1SgObj', 'mizhwi+VTA+Ind+Neg+Neu+3SgProxSubj+1SgObj', 'mizho+VTA+Ind+Neg+Neu+3SgProxSubj+1SgObj']"
295,nimiinigosiin,"['miizh+VTA+Ind+Neg+Neu+0SgSubj+1SgObj', 'miizh+VTA+Ind+Neg+Neu+3SgProxSubj+1SgObj']"
296,nimawadisigosiin,"['mawadish+VTA+Ind+Neg+Neu+0SgSubj+1SgObj', 'mawadish+VTA+Ind+Neg+Neu+3SgProxSubj+1SgObj']"
297,gimizhogosiinaawaa,"['mizhwi+VTA+Ind+Neg+Neu+0SgSubj+2PlObj', 'mizho+VTA+Ind+Neg+Neu+0SgSubj+2PlObj']"
298,gimikaagosiin,"['mikaw+VTA+Ind+Neg+Neu+3SgProxSubj+2SgObj', 'mikaw+VTA+Ind+Neg+Neu+0SgSubj+2SgObj']"
299,giwaabamigosiin,"['waabam+VTA+Ind+Neg+Neu+0SgSubj+2SgObj', 'waabam+VTA+Ind+Neg+Neu+3SgProxSubj+2SgObj']"
300,gimizhogosiin,"['mizhwi+VTA+Ind+Neg+Neu+0SgSubj+2SgObj', 'mizho+VTA+Ind+Neg+Neu+0SgSubj+2SgObj', 'mizhwi+VTA+Ind+Neg+Neu+3SgProxSubj+2SgObj', 'mizho+VTA+Ind+Neg+Neu+3SgProxSubj+2SgObj']"
301,gimiinigosiin,"['miizh+VTA+Ind+Neg+Neu+0SgSubj+2SgObj', 'miizh+VTA+Ind+Neg+Neu+3SgProxSubj+2SgObj']"
302,gimawadisigosiin,"['mawadish+VTA+Ind+Neg+Neu+0SgSubj+2SgObj', 'mawadish+VTA+Ind+Neg+Neu+3SgProxSubj+2SgObj']"
303,omikaagosiinaawaa,"['mikaw+VTA+Ind+Neg+Neu+0SgSubj+3PlObvObj', 'mikaw+VTA+Ind+Neg+Neu+0SgSubj+3PlProxObj']"
304,owaabamigosiinaawaa,"['waabam+VTA+Ind+Neg+Neu+0SgSubj+3PlProxObj', 'waabam+VTA+Ind+Neg+Neu+0SgSubj+3PlObvObj']"
305,omizhogosiinaawaa,"['mizhwi+VTA+Ind+Neg+Neu+0SgSubj+3PlObvObj', 'mizho+VTA+Ind+Neg+Neu+0SgSubj+3PlObvObj', 'mizhwi+VTA+Ind+Neg+Neu+0SgSubj+3PlProxObj', 'mizho+VTA+Ind+Neg+Neu+0SgSubj+3PlProxObj']"
306,omiinigosiinaawaa,"['miizh+VTA+Ind+Neg+Neu+0SgSubj+3PlProxObj', 'miizh+VTA+Ind+Neg+Neu+0SgSubj+3PlObvObj']"
307,omawadisigosiinaawaa,"['mawadish+VTA+Ind+Neg+Neu+0SgSubj+3PlProxObj', 'mawadish+VTA+Ind+Neg+Neu+0SgSubj+3PlObvObj']"
308,omikaagosiin,"['mikaw+VTA+Ind+Neg+Neu+3PlObvSubj+3SgProxObj', 'mikaw+VTA+Ind+Neg+Neu+3SgObvSubj+3SgProxObj', 'mikaw+VTA+Ind+Neg+Neu+0SgSubj+3SgProxObj', 'mikaw+VTA+Ind+Neg+Neu+0SgSubj+3SgObvObj']"
309,owaabamigosiin,"['waabam+VTA+Ind+Neg+Neu+3SgObvSubj+3SgProxObj', 'waabam+VTA+Ind+Neg+Neu+0SgSubj+3SgProxObj', 'waabam+VTA+Ind+Neg+Neu+3PlObvSubj+3SgProxObj', 'waabam+VTA+Ind+Neg+Neu+0SgSubj+3SgObvObj']"
310,omizhogosiin,"['mizhwi+VTA+Ind+Neg+Neu+3SgObvSubj+3SgProxObj', 'mizho+VTA+Ind+Neg+Neu+3SgObvSubj+3SgProxObj', 'mizhwi+VTA+Ind+Neg+Neu+0SgSubj+3SgProxObj', 'mizho+VTA+Ind+Neg+Neu+0SgSubj+3SgProxObj', 'mizhwi+VTA+Ind+Neg+Neu+0SgSubj+3SgObvObj', 'mizho+VTA+Ind+Neg+Neu+0SgSubj+3SgObvObj']"
311,omiinigosiin,"['miizh+VTA+Ind+Neg+Neu+3SgObvSubj+3SgProxObj', 'miizh+VTA+Ind+Neg+Neu+0SgSubj+3SgProxObj', 'miizh+VTA+Ind+Neg+Neu+3PlObvSubj+3SgProxObj', 'miizh+VTA+Ind+Neg+Neu+0SgSubj+3SgObvObj']"
312,omawadisigosiin,"['mawadish+VTA+Ind+Neg+Neu+3SgObvSubj+3SgProxObj', 'mawadish+VTA+Ind+Neg+Neu+0SgSubj+3SgProxObj', 'mawadish+VTA+Ind+Neg+Neu+3PlObvSubj+3SgProxObj', 'mawadish+VTA+Ind+Neg+Neu+0SgSubj+3SgObvObj']"
313,gimizhosinooninim,"['mizhwi+VTA+Ind+Neg+Neu+1SgSubj+2PlObj', 'mizho+VTA+Ind+Neg+Neu+1SgSubj+2PlObj']"
314,gimizhosinoon,"['mizhwi+VTA+Ind+Neg+Neu+1SgSubj+2SgObj', 'mizho+VTA+Ind+Neg+Neu+1SgSubj+2SgObj']"
315,nimizhomaasii',"['mizhwi+VTA+Ind+Neg+Neu+1SgSubj+3PlObvObj', 'mizho+VTA+Ind+Neg+Neu+1SgSubj+3PlObvObj']"
316,nimizhwaasiig,"['mizhwi+VTA+Ind+Neg+Neu+1SgSubj+3PlProxObj', 'mizho+VTA+Ind+Neg+Neu+1SgSubj+3PlProxObj']"
317,nimikawimaasiin,"['mikaw+VTA+Ind+Neg+Neu+1SgSubj+3SgObvObj', 'mikaw+VTA+Ind+Neg+Neu+1SgSubj+3PlObvObj']"
318,niwaabamimaasiin,"['waabam+VTA+Ind+Neg+Neu+1SgSubj+3SgObvObj', 'waabam+VTA+Ind+Neg+Neu+1SgSubj+3PlObvObj']"
319,nimizhomaasiin,"['mizhwi+VTA+Ind+Neg+Neu+1SgSubj+3SgObvObj', 'mizho+VTA+Ind+Neg+Neu+1SgSubj+3SgObvObj', 'mizhwi+VTA+Ind+Neg+Neu+1SgSubj+3PlObvObj', 'mizho+VTA+Ind+Neg+Neu+1SgSubj+3PlObvObj']"
320,nimiinimaasiin,"['miizh+VTA+Ind+Neg+Neu+1SgSubj+3SgObvObj', 'miizh+VTA+Ind+Neg+Neu+1SgSubj+3PlObvObj']"
321,nimawadisimaasiin,"['mawadish+VTA+Ind+Neg+Neu+1SgSubj+3SgObvObj', 'mawadish+VTA+Ind+Neg+Neu+1SgSubj+3PlObvObj']"
322,nimizhwaasii,"['mizhwi+VTA+Ind+Neg+Neu+1SgSubj+3SgProxObj', 'mizho+VTA+Ind+Neg+Neu+1SgSubj+3SgProxObj']"
323,gimikawisiim,"['mikaw+VTA+Ind+Neg+Neu+2PlSubj+1SgObj', 'mikawi+VAI+Ind+Neg+Neu+2PlSubj']"
324,gimizhosiim,"['mizhwi+VTA+Ind+Neg+Neu+2PlSubj+1SgObj', 'mizho+VTA+Ind+Neg+Neu+2PlSubj+1SgObj']"
325,gimizhwaasiwaawaa',"['mizhwi+VTA+Ind+Neg+Neu+2PlSubj+3PlObvObj', 'mizho+VTA+Ind+Neg+Neu+2PlSubj+3PlObvObj']"
326,gimizhwaasiwaawaag,"['mizhwi+VTA+Ind+Neg+Neu+2PlSubj+3PlProxObj', 'mizho+VTA+Ind+Neg+Neu+2PlSubj+3PlProxObj']"
327,gimizhwaasiwaawaan,"['mizhwi+VTA+Ind+Neg+Neu+2PlSubj+3SgObvObj', 'mizho+VTA+Ind+Neg+Neu+2PlSubj+3SgObvObj']"
328,gimizhwaasiwaawaa,"['mizhwi+VTA+Ind+Neg+Neu+2PlSubj+3SgProxObj', 'mizho+VTA+Ind+Neg+Neu+2PlSubj+3SgProxObj']"
329,gimikawisiinaam,"['mikaw+VTA+Ind+Neg+Neu+2SgSubj+ExclObj', 'mikaw+VTA+Ind+Neg+Neu+2PlSubj+ExclObj']"
330,giwaabamisiinaam,"['waabam+VTA+Ind+Neg+Neu+2SgSubj+ExclObj', 'waabam+VTA+Ind+Neg+Neu+2PlSubj+ExclObj']"
331,gimizhosiinaam,"['mizhwi+VTA+Ind+Neg+Neu+2SgSubj+ExclObj', 'mizho+VTA+Ind+Neg+Neu+2SgSubj+ExclObj', 'mizhwi+VTA+Ind+Neg+Neu+2PlSubj+ExclObj', 'mizho+VTA+Ind+Neg+Neu+2PlSubj+ExclObj']"
332,gimiizhisiinaam,"['miizh+VTA+Ind+Neg+Neu+2SgSubj+ExclObj', 'miizh+VTA+Ind+Neg+Neu+2PlSubj+ExclObj']"
333,gimawadishisiinaam,"['mawadish+VTA+Ind+Neg+Neu+2SgSubj+ExclObj', 'mawadish+VTA+Ind+Neg+Neu+2PlSubj+ExclObj']"
334,gimikawisii,"['mikaw+VTA+Ind+Neg+Neu+2SgSubj+1SgObj', 'mikawi+VAI+Ind+Neg+Neu+2SgSubj']"
335,gimizhosii,"['mizhwi+VTA+Ind+Neg+Neu+2SgSubj+1SgObj', 'mizho+VTA+Ind+Neg+Neu+2SgSubj+1SgObj']"
336,gimizhomaasii',"['mizhwi+VTA+Ind+Neg+Neu+2SgSubj+3PlObvObj', 'mizho+VTA+Ind+Neg+Neu+2SgSubj+3PlObvObj']"
337,gimizhwaasiig,"['mizhwi+VTA+Ind+Neg+Neu+2SgSubj+3PlProxObj', 'mizho+VTA+Ind+Neg+Neu+2SgSubj+3PlProxObj']"
338,gimikawimaasiin,"['mikaw+VTA+Ind+Neg+Neu+2SgSubj+3SgObvObj', 'mikaw+VTA+Ind+Neg+Neu+2SgSubj+3PlObvObj']"
339,giwaabamimaasiin,"['waabam+VTA+Ind+Neg+Neu+2SgSubj+3SgObvObj', 'waabam+VTA+Ind+Neg+Neu+2SgSubj+3PlObvObj']"
340,gimizhomaasiin,"['mizhwi+VTA+Ind+Neg+Neu+2SgSubj+3SgObvObj', 'mizho+VTA+Ind+Neg+Neu+2SgSubj+3SgObvObj', 'mizhwi+VTA+Ind+Neg+Neu+2SgSubj+3PlObvObj', 'mizho+VTA+Ind+Neg+Neu+2SgSubj+3PlObvObj']"
341,gimiinimaasiin,"['miizh+VTA+Ind+Neg+Neu+2SgSubj+3SgObvObj', 'miizh+VTA+Ind+Neg+Neu+2SgSubj+3PlObvObj']"
342,gimawadisimaasiin,"['mawadish+VTA+Ind+Neg+Neu+2SgSubj+3SgObvObj', 'mawadish+VTA+Ind+Neg+Neu+2SgSubj+3PlObvObj']"
343,gimizhwaasiin,"['mizhwi+VTA+Ind+Neg+Neu+2SgSubj+3SgProxObj', 'mizho+VTA+Ind+Neg+Neu+2SgSubj+3SgProxObj']"
344,omizhogosiiwaa',"['mizhwi+VTA+Ind+Neg+Neu+3PlObvSubj+3PlProxObj', 'mizho+VTA+Ind+Neg+Neu+3PlObvSubj+3PlProxObj']"
345,omizhogosii',"['mizhwi+VTA+Ind+Neg+Neu+3PlObvSubj+3SgProxObj', 'mizho+VTA+Ind+Neg+Neu+3PlObvSubj+3SgProxObj']"
346,nimizhogosiig,"['mizhwi+VTA+Ind+Neg+Neu+3PlProxSubj+1SgObj', 'mizho+VTA+Ind+Neg+Neu+3PlProxSubj+1SgObj']"
347,gimizhogosiiwaag,"['mizhwi+VTA+Ind+Neg+Neu+3PlProxSubj+2PlObj', 'mizho+VTA+Ind+Neg+Neu+3PlProxSubj+2PlObj']"
348,gimizhogosiig,"['mizhwi+VTA+Ind+Neg+Neu+3PlProxSubj+2SgObj', 'mizho+VTA+Ind+Neg+Neu+3PlProxSubj+2SgObj']"
349,omizhwaasiwaawaa',"['mizhwi+VTA+Ind+Neg+Neu+3PlProxSubj+3PlObvObj', 'mizho+VTA+Ind+Neg+Neu+3PlProxSubj+3PlObvObj']"
350,omikawaasiwaawaan,"['mikaw+VTA+Ind+Neg+Neu+3PlProxSubj+3SgObvObj', 'mikaw+VTA+Ind+Neg+Neu+3PlProxSubj+3PlObvObj']"
351,owaabamaasiwaawaan,"['waabam+VTA+Ind+Neg+Neu+3PlProxSubj+3SgObvObj', 'waabam+VTA+Ind+Neg+Neu+3PlProxSubj+3PlObvObj']"
352,omizhwaasiwaawaan,"['mizhwi+VTA+Ind+Neg+Neu+3PlProxSubj+3SgObvObj', 'mizho+VTA+Ind+Neg+Neu+3PlProxSubj+3SgObvObj', 'mizhwi+VTA+Ind+Neg+Neu+3PlProxSubj+3PlObvObj', 'mizho+VTA+Ind+Neg+Neu+3PlProxSubj+3PlObvObj']"
353,omiinaasiwaawaan,"['miizh+VTA+Ind+Neg+Neu+3PlProxSubj+3SgObvObj', 'miizh+VTA+Ind+Neg+Neu+3PlProxSubj+3PlObvObj']"
354,omawadisaasiwaawaan,"['mawadish+VTA+Ind+Neg+Neu+3PlProxSubj+3SgObvObj', 'mawadish+VTA+Ind+Neg+Neu+3PlProxSubj+3PlObvObj']"
355,nimizhogosiinaanig,"['mizhwi+VTA+Ind+Neg+Neu+3PlProxSubj+ExclObj', 'mizho+VTA+Ind+Neg+Neu+3PlProxSubj+ExclObj']"
356,gimizhogosiinaanig,"['mizhwi+VTA+Ind+Neg+Neu+3PlProxSubj+InclObj', 'mizho+VTA+Ind+Neg+Neu+3PlProxSubj+InclObj']"
357,omikaagosiiwaan,"['mikaw+VTA+Ind+Neg+Neu+3SgObvSubj+3PlProxObj', 'mikaw+VTA+Ind+Neg+Neu+3PlObvSubj+3PlProxObj']"
358,owaabamigosiiwaan,"['waabam+VTA+Ind+Neg+Neu+3SgObvSubj+3PlProxObj', 'waabam+VTA+Ind+Neg+Neu+3PlObvSubj+3PlProxObj']"
359,omizhogosiiwaan,"['mizhwi+VTA+Ind+Neg+Neu+3SgObvSubj+3PlProxObj', 'mizho+VTA+Ind+Neg+Neu+3SgObvSubj+3PlProxObj', 'mizhwi+VTA+Ind+Neg+Neu+3PlObvSubj+3PlProxObj', 'mizho+VTA+Ind+Neg+Neu+3PlObvSubj+3PlProxObj']"
360,omiinigosiiwaan,"['miizh+VTA+Ind+Neg+Neu+3SgObvSubj+3PlProxObj', 'miizh+VTA+Ind+Neg+Neu+3PlObvSubj+3PlProxObj']"
361,omawadisigosiiwaan,"['mawadish+VTA+Ind+Neg+Neu+3SgObvSubj+3PlProxObj', 'mawadish+VTA+Ind+Neg+Neu+3PlObvSubj+3PlProxObj']"
362,nimizhogosii,"['mizhwi+VTA+Ind+Neg+Neu+3SgProxSubj+1SgObj', 'mizho+VTA+Ind+Neg+Neu+3SgProxSubj+1SgObj']"
363,gimizhogosiiwaa,"['mizhwi+VTA+Ind+Neg+Neu+3SgProxSubj+2PlObj', 'mizho+VTA+Ind+Neg+Neu+3SgProxSubj+2PlObj']"
364,gimizhogosii,"['mizhwi+VTA+Ind+Neg+Neu+3SgProxSubj+2SgObj', 'mizho+VTA+Ind+Neg+Neu+3SgProxSubj+2SgObj']"
365,omizhwaasii',"['mizhwi+VTA+Ind+Neg+Neu+3SgProxSubj+3PlObvObj', 'mizho+VTA+Ind+Neg+Neu+3SgProxSubj+3PlObvObj']"
366,omikawaasiin,"['mikaw+VTA+Ind+Neg+Neu+3SgProxSubj+3PlObvObj', 'mikaw+VTA+Ind+Neg+Neu+3SgProxSubj+3SgObvObj']"
367,owaabamaasiin,"['waabam+VTA+Ind+Neg+Neu+3SgProxSubj+3PlObvObj', 'waabam+VTA+Ind+Neg+Neu+3SgProxSubj+3SgObvObj']"
368,omizhwaasiin,"['mizhwi+VTA+Ind+Neg+Neu+3SgProxSubj+3PlObvObj', 'mizho+VTA+Ind+Neg+Neu+3SgProxSubj+3PlObvObj', 'mizhwi+VTA+Ind+Neg+Neu+3SgProxSubj+3SgObvObj', 'mizho+VTA+Ind+Neg+Neu+3SgProxSubj+3SgObvObj']"
369,omiinaasiin,"['miizh+VTA+Ind+Neg+Neu+3SgProxSubj+3PlObvObj', 'miizh+VTA+Ind+Neg+Neu+3SgProxSubj+3SgObvObj']"
370,omawadisaasiin,"['mawadish+VTA+Ind+Neg+Neu+3SgProxSubj+3PlObvObj', 'mawadish+VTA+Ind+Neg+Neu+3SgProxSubj+3SgObvObj']"
371,nimizhogosiinaan,"['mizhwi+VTA+Ind+Neg+Neu+3SgProxSubj+ExclObj', 'mizho+VTA+Ind+Neg+Neu+3SgProxSubj+ExclObj']"
372,gimizhogosiinaan,"['mizhwi+VTA+Ind+Neg+Neu+3SgProxSubj+InclObj', 'mizho+VTA+Ind+Neg+Neu+3SgProxSubj+InclObj']"
373,gimikaagoosiim,"['mikaw+VTA+Ind+Neg+Neu+XSubj+2PlObj', 'mikaw+VTA+Ind+Neg+Neu+ExclSubj+2PlObj']"
374,giwaabamigoosiim,"['waabam+VTA+Ind+Neg+Neu+XSubj+2PlObj', 'waabam+VTA+Ind+Neg+Neu+ExclSubj+2PlObj']"
375,gimizhogoosiim,"['mizhwi+VTA+Ind+Neg+Neu+XSubj+2PlObj', 'mizho+VTA+Ind+Neg+Neu+XSubj+2PlObj', 'mizhwi+VTA+Ind+Neg+Neu+ExclSubj+2PlObj', 'mizho+VTA+Ind+Neg+Neu+ExclSubj+2PlObj']"
376,gimiinigoosiim,"['miizh+VTA+Ind+Neg+Neu+XSubj+2PlObj', 'miizh+VTA+Ind+Neg+Neu+ExclSubj+2PlObj']"
377,gimawadisigoosiim,"['mawadish+VTA+Ind+Neg+Neu+XSubj+2PlObj', 'mawadish+VTA+Ind+Neg+Neu+ExclSubj+2PlObj']"
378,gimikaagoosii,"['mikaw+VTA+Ind+Neg+Neu+XSubj+2SgObj', 'mikaw+VTA+Ind+Neg+Neu+ExclSubj+2SgObj']"
379,giwaabamigoosii,"['waabam+VTA+Ind+Neg+Neu+XSubj+2SgObj', 'waabam+VTA+Ind+Neg+Neu+ExclSubj+2SgObj']"
380,gimizhogoosii,"['mizhwi+VTA+Ind+Neg+Neu+XSubj+2SgObj', 'mizho+VTA+Ind+Neg+Neu+XSubj+2SgObj', 'mizhwi+VTA+Ind+Neg+Neu+ExclSubj+2SgObj', 'mizho+VTA+Ind+Neg+Neu+ExclSubj+2SgObj']"
381,gimiinigoosii,"['miizh+VTA+Ind+Neg+Neu+XSubj+2SgObj', 'miizh+VTA+Ind+Neg+Neu+ExclSubj+2SgObj']"
382,gimawadisigoosii,"['mawadish+VTA+Ind+Neg+Neu+XSubj+2SgObj', 'mawadish+VTA+Ind+Neg+Neu+ExclSubj+2SgObj']"
383,nimikawaasiwaanaanig,"['mikaw+VTA+Ind+Neg+Neu+ExclSubj+3PlObvObj', 'mikaw+VTA+Ind+Neg+Neu+ExclSubj+3PlProxObj']"
384,niwaabamaasiwaanaanig,"['waabam+VTA+Ind+Neg+Neu+ExclSubj+3PlObvObj', 'waabam+VTA+Ind+Neg+Neu+ExclSubj+3PlProxObj']"
385,nimizhwaasiwaanaanig,"['mizhwi+VTA+Ind+Neg+Neu+ExclSubj+3PlObvObj', 'mizho+VTA+Ind+Neg+Neu+ExclSubj+3PlObvObj', 'mizhwi+VTA+Ind+Neg+Neu+ExclSubj+3PlProxObj', 'mizho+VTA+Ind+Neg+Neu+ExclSubj+3PlProxObj']"
386,nimiinaasiwaanaanig,"['miizh+VTA+Ind+Neg+Neu+ExclSubj+3PlObvObj', 'miizh+VTA+Ind+Neg+Neu+ExclSubj+3PlProxObj']"
387,nimawadisaasiwaanaanig,"['mawadish+VTA+Ind+Neg+Neu+ExclSubj+3PlObvObj', 'mawadish+VTA+Ind+Neg+Neu+ExclSubj+3PlProxObj']"
388,nimikawaasiwaanaan,"['mikaw+VTA+Ind+Neg+Neu+ExclSubj+3SgObvObj', 'mikaw+VTA+Ind+Neg+Neu+ExclSubj+3SgProxObj']"
389,niwaabamaasiwaanaan,"['waabam+VTA+Ind+Neg+Neu+ExclSubj+3SgObvObj', 'waabam+VTA+Ind+Neg+Neu+ExclSubj+3SgProxObj']"
390,nimizhwaasiwaanaan,"['mizhwi+VTA+Ind+Neg+Neu+ExclSubj+3SgObvObj', 'mizho+VTA+Ind+Neg+Neu+ExclSubj+3SgObvObj', 'mizhwi+VTA+Ind+Neg+Neu+ExclSubj+3SgProxObj', 'mizho+VTA+Ind+Neg+Neu+ExclSubj+3SgProxObj']"
391,nimiinaasiwaanaan,"['miizh+VTA+Ind+Neg+Neu+ExclSubj+3SgObvObj', 'miizh+VTA+Ind+Neg+Neu+ExclSubj+3SgProxObj']"
392,nimawadisaasiwaanaan,"['mawadish+VTA+Ind+Neg+Neu+ExclSubj+3SgObvObj', 'mawadish+VTA+Ind+Neg+Neu+ExclSubj+3SgProxObj']"
393,gimikawaasiwaanaanig,"['mikaw+VTA+Ind+Neg+Neu+InclSubj+3PlObvObj', 'mikaw+VTA+Ind+Neg+Neu+InclSubj+3PlProxObj']"
394,giwaabamaasiwaanaanig,"['waabam+VTA+Ind+Neg+Neu+InclSubj+3PlObvObj', 'waabam+VTA+Ind+Neg+Neu+InclSubj+3PlProxObj']"
395,gimizhwaasiwaanaanig,"['mizhwi+VTA+Ind+Neg+Neu+InclSubj+3PlObvObj', 'mizho+VTA+Ind+Neg+Neu+InclSubj+3PlObvObj', 'mizhwi+VTA+Ind+Neg+Neu+InclSubj+3PlProxObj', 'mizho+VTA+Ind+Neg+Neu+InclSubj+3PlProxObj']"
396,gimiinaasiwaanaanig,"['miizh+VTA+Ind+Neg+Neu+InclSubj+3PlObvObj', 'miizh+VTA+Ind+Neg+Neu+InclSubj+3PlProxObj']"
397,gimawadisaasiwaanaanig,"['mawadish+VTA+Ind+Neg+Neu+InclSubj+3PlObvObj', 'mawadish+VTA+Ind+Neg+Neu+InclSubj+3PlProxObj']"
398,gimikawaasiwaanaan,"['mikaw+VTA+Ind+Neg+Neu+InclSubj+3SgObvObj', 'mikaw+VTA+Ind+Neg+Neu+InclSubj+3SgProxObj']"
399,giwaabamaasiwaanaan,"['waabam+VTA+Ind+Neg+Neu+InclSubj+3SgObvObj', 'waabam+VTA+Ind+Neg+Neu+InclSubj+3SgProxObj']"
400,gimizhwaasiwaanaan,"['mizhwi+VTA+Ind+Neg+Neu+InclSubj+3SgObvObj', 'mizho+VTA+Ind+Neg+Neu+InclSubj+3SgObvObj', 'mizhwi+VTA+Ind+Neg+Neu+InclSubj+3SgProxObj', 'mizho+VTA+Ind+Neg+Neu+InclSubj+3SgProxObj']"
401,gimiinaasiwaanaan,"['miizh+VTA+Ind+Neg+Neu+InclSubj+3SgObvObj', 'miizh+VTA+Ind+Neg+Neu+InclSubj+3SgProxObj']"
402,gimawadisaasiwaanaan,"['mawadish+VTA+Ind+Neg+Neu+InclSubj+3SgObvObj', 'mawadish+VTA+Ind+Neg+Neu+InclSubj+3SgProxObj']"
403,nimizhogoosii,"['mizhwi+VTA+Ind+Neg+Neu+XSubj+1SgObj', 'mizho+VTA+Ind+Neg+Neu+XSubj+1SgObj']"
404,mizhomaasiiwa',"['mizhwi+VTA+Ind+Neg+Neu+XSubj+3PlObvObj', 'mizho+VTA+Ind+Neg+Neu+XSubj+3PlObvObj']"
405,mizhwaasiiwag,"['mizhwi+VTA+Ind+Neg+Neu+XSubj+3PlProxObj', 'mizho+VTA+Ind+Neg+Neu+XSubj+3PlProxObj']"
406,mikawimaasiiwan,"['mikaw+VTA+Ind+Neg+Neu+XSubj+3SgObvObj', 'mikaw+VTA+Ind+Neg+Neu+XSubj+3PlObvObj']"
407,waabamimaasiiwan,"['waabam+VTA+Ind+Neg+Neu+XSubj+3SgObvObj', 'waabam+VTA+Ind+Neg+Neu+XSubj+3PlObvObj']"
408,mizhomaasiiwan,"['mizhwi+VTA+Ind+Neg+Neu+XSubj+3SgObvObj', 'mizho+VTA+Ind+Neg+Neu+XSubj+3SgObvObj', 'mizhwi+VTA+Ind+Neg+Neu+XSubj+3PlObvObj', 'mizho+VTA+Ind+Neg+Neu+XSubj+3PlObvObj']"
409,miinimaasiiwan,"['miizh+VTA+Ind+Neg+Neu+XSubj+3SgObvObj', 'miizh+VTA+Ind+Neg+Neu+XSubj+3PlObvObj']"
410,mawadisimaasiiwan,"['mawadish+VTA+Ind+Neg+Neu+XSubj+3SgObvObj', 'mawadish+VTA+Ind+Neg+Neu+XSubj+3PlObvObj']"
411,mizhwaasii,"['mizhwi+VTA+Ind+Neg+Neu+XSubj+3SgProxObj', 'mizho+VTA+Ind+Neg+Neu+XSubj+3SgProxObj']"
412,nimizhogoosiimin,"['mizhwi+VTA+Ind+Neg+Neu+XSubj+ExclObj', 'mizho+VTA+Ind+Neg+Neu+XSubj+ExclObj']"
413,gimizhogoosiimin,"['mizhwi+VTA+Ind+Neg+Neu+XSubj+InclObj', 'mizho+VTA+Ind+Neg+Neu+XSubj+InclObj']"
414,nimizhogonan,"['mizhwi+VTA+Ind+Pos+Neu+0PlSubj+1SgObj', 'mizho+VTA+Ind+Pos+Neu+0PlSubj+1SgObj']"
415,gimizhogonaawaan,"['mizhwi+VTA+Ind+Pos+Neu+0PlSubj+2PlObj', 'mizho+VTA+Ind+Pos+Neu+0PlSubj+2PlObj']"
416,gimizhogonan,"['mizhwi+VTA+Ind+Pos+Neu+0PlSubj+2SgObj', 'mizho+VTA+Ind+Pos+Neu+0PlSubj+2SgObj']"
417,omikaagonaawaan,"['mikaw+VTA+Ind+Pos+Neu+0PlSubj+3PlObvObj', 'mikaw+VTA+Ind+Pos+Neu+0PlSubj+3PlProxObj', 'mikaw+VTA+Ind+Pos+Neu+0SgSubj+3PlProxObj']"
418,owaabamigonaawaan,"['waabam+VTA+Ind+Pos+Neu+0PlSubj+3PlObvObj', 'waabam+VTA+Ind+Pos+Neu+0PlSubj+3PlProxObj']"
419,omizhogonaawaan,"['mizhwi+VTA+Ind+Pos+Neu+0PlSubj+3PlObvObj', 'mizho+VTA+Ind+Pos+Neu+0PlSubj+3PlObvObj', 'mizhwi+VTA+Ind+Pos+Neu+0PlSubj+3PlProxObj', 'mizho+VTA+Ind+Pos+Neu+0PlSubj+3PlProxObj', 'mizhwi+VTA+Ind+Pos+Neu+0SgSubj+3PlProxObj', 'mizho+VTA+Ind+Pos+Neu+0SgSubj+3PlProxObj']"
420,omiinigonaawaan,"['miizh+VTA+Ind+Pos+Neu+0PlSubj+3PlObvObj', 'miizh+VTA+Ind+Pos+Neu+0PlSubj+3PlProxObj']"
421,omawadisigonaawaan,"['mawadish+VTA+Ind+Pos+Neu+0PlSubj+3PlObvObj', 'mawadish+VTA+Ind+Pos+Neu+0PlSubj+3PlProxObj']"
422,omikaagonan,"['mikaw+VTA+Ind+Pos+Neu+0PlSubj+3SgProxObj', 'mikaw+VTA+Ind+Pos+Neu+0PlSubj+3SgObvObj']"
423,owaabamigonan,"['waabam+VTA+Ind+Pos+Neu+0PlSubj+3SgObvObj', 'waabam+VTA+Ind+Pos+Neu+0PlSubj+3SgProxObj']"
424,omizhogonan,"['mizhwi+VTA+Ind+Pos+Neu+0PlSubj+3SgObvObj', 'mizho+VTA+Ind+Pos+Neu+0PlSubj+3SgObvObj', 'mizhwi+VTA+Ind+Pos+Neu+0PlSubj+3SgProxObj', 'mizho+VTA+Ind+Pos+Neu+0PlSubj+3SgProxObj']"
425,omiinigonan,"['miizh+VTA+Ind+Pos+Neu+0PlSubj+3SgObvObj', 'miizh+VTA+Ind+Pos+Neu+0PlSubj+3SgProxObj']"
426,omawadisigonan,"['mawadish+VTA+Ind+Pos+Neu+0PlSubj+3SgObvObj', 'mawadish+VTA+Ind+Pos+Neu+0PlSubj+3SgProxObj']"
427,nimikaagomin,"['mikaw+VTA+Ind+Pos+Neu+0PlSubj+ExclObj', 'mikaw+VTA+Ind+Pos+Neu+0SgSubj+ExclObj']"
428,niwaabamigomin,"['waabam+VTA+Ind+Pos+Neu+0PlSubj+ExclObj', 'waabam+VTA+Ind+Pos+Neu+0SgSubj+ExclObj']"
429,nimizhogomin,"['mizhwi+VTA+Ind+Pos+Neu+0PlSubj+ExclObj', 'mizho+VTA+Ind+Pos+Neu+0PlSubj+ExclObj', 'mizhwi+VTA+Ind+Pos+Neu+0SgSubj+ExclObj', 'mizho+VTA+Ind+Pos+Neu+0SgSubj+ExclObj']"
430,nimiinigomin,"['miizh+VTA+Ind+Pos+Neu+0PlSubj+ExclObj', 'miizh+VTA+Ind+Pos+Neu+0SgSubj+ExclObj']"
431,nimawadisigomin,"['mawadish+VTA+Ind+Pos+Neu+0PlSubj+ExclObj', 'mawadish+VTA+Ind+Pos+Neu+0SgSubj+ExclObj']"
432,gimikaagomin,"['mikaw+VTA+Ind+Pos+Neu+0PlSubj+InclObj', 'mikaw+VTA+Ind+Pos+Neu+0SgSubj+InclObj']"
433,giwaabamigomin,"['waabam+VTA+Ind+Pos+Neu+0PlSubj+InclObj', 'waabam+VTA+Ind+Pos+Neu+0SgSubj+InclObj']"
434,gimizhogomin,"['mizhwi+VTA+Ind+Pos+Neu+0PlSubj+InclObj', 'mizho+VTA+Ind+Pos+Neu+0PlSubj+InclObj', 'mizhwi+VTA+Ind+Pos+Neu+0SgSubj+InclObj', 'mizho+VTA+Ind+Pos+Neu+0SgSubj+InclObj']"
435,gimiinigomin,"['miizh+VTA+Ind+Pos+Neu+0PlSubj+InclObj', 'miizh+VTA+Ind+Pos+Neu+0SgSubj+InclObj']"
436,gimawadisigomin,"['mawadish+VTA+Ind+Pos+Neu+0PlSubj+InclObj', 'mawadish+VTA+Ind+Pos+Neu+0SgSubj+InclObj']"
437,nimizhogon,"['mizhwi+VTA+Ind+Pos+Neu+0SgSubj+1SgObj', 'mizho+VTA+Ind+Pos+Neu+0SgSubj+1SgObj']"
438,gimizhogonaawaa,"['mizhwi+VTA+Ind+Pos+Neu+0SgSubj+2PlObj', 'mizho+VTA+Ind+Pos+Neu+0SgSubj+2PlObj']"
439,gimizhogon,"['mizhwi+VTA+Ind+Pos+Neu+0SgSubj+2SgObj', 'mizho+VTA+Ind+Pos+Neu+0SgSubj+2SgObj']"
440,omikaagonaawaa,"['mikaw+VTA+Ind+Pos+Neu+0SgSubj+3PlObvObj', 'mikaw+VTA+Ind+Pos+Neu+0SgSubj+3PlProxObj']"
441,owaabamigonaawaa,"['waabam+VTA+Ind+Pos+Neu+0SgSubj+3PlObvObj', 'waabam+VTA+Ind+Pos+Neu+0SgSubj+3PlProxObj']"
442,omizhogonaawaa,"['mizhwi+VTA+Ind+Pos+Neu+0SgSubj+3PlObvObj', 'mizho+VTA+Ind+Pos+Neu+0SgSubj+3PlObvObj', 'mizhwi+VTA+Ind+Pos+Neu+0SgSubj+3PlProxObj', 'mizho+VTA+Ind+Pos+Neu+0SgSubj+3PlProxObj']"
443,omiinigonaawaa,"['miizh+VTA+Ind+Pos+Neu+0SgSubj+3PlObvObj', 'miizh+VTA+Ind+Pos+Neu+0SgSubj+3PlProxObj']"
444,omawadisigonaawaa,"['mawadish+VTA+Ind+Pos+Neu+0SgSubj+3PlObvObj', 'mawadish+VTA+Ind+Pos+Neu+0SgSubj+3PlProxObj']"
445,omikaagon,"['mikaw+VTA+Ind+Pos+Neu+0SgSubj+3SgProxObj', 'mikaw+VTA+Ind+Pos+Neu+0SgSubj+3SgObvObj']"
446,owaabamigon,"['waabam+VTA+Ind+Pos+Neu+0SgSubj+3SgProxObj', 'waabam+VTA+Ind+Pos+Neu+0SgSubj+3SgObvObj']"
447,omizhogon,"['mizhwi+VTA+Ind+Pos+Neu+0SgSubj+3SgProxObj', 'mizho+VTA+Ind+Pos+Neu+0SgSubj+3SgProxObj', 'mizhwi+VTA+Ind+Pos+Neu+0SgSubj+3SgObvObj', 'mizho+VTA+Ind+Pos+Neu+0SgSubj+3SgObvObj']"
448,omiinigon,"['miizh+VTA+Ind+Pos+Neu+0SgSubj+3SgProxObj', 'miizh+VTA+Ind+Pos+Neu+0SgSubj+3SgObvObj']"
449,omawadisigon,"['mawadish+VTA+Ind+Pos+Neu+0SgSubj+3SgProxObj', 'mawadish+VTA+Ind+Pos+Neu+0SgSubj+3SgObvObj']"
450,gimizhoninim,"['mizhwi+VTA+Ind+Pos+Neu+1SgSubj+2PlObj', 'mizho+VTA+Ind+Pos+Neu+1SgSubj+2PlObj']"
451,gimizhon,"['mizhwi+VTA+Ind+Pos+Neu+1SgSubj+2SgObj', 'mizho+VTA+Ind+Pos+Neu+1SgSubj+2SgObj']"
452,nimizhomaa',"['mizhwi+VTA+Ind+Pos+Neu+1SgSubj+3PlObvObj', 'mizho+VTA+Ind+Pos+Neu+1SgSubj+3PlObvObj']"
453,nimizhwaag,"['mizhwi+VTA+Ind+Pos+Neu+1SgSubj+3PlProxObj', 'mizho+VTA+Ind+Pos+Neu+1SgSubj+3PlProxObj']"
454,nimikawimaan,"['mikaw+VTA+Ind+Pos+Neu+1SgSubj+3SgObvObj', 'mikaw+VTA+Ind+Pos+Neu+1SgSubj+3PlObvObj']"
455,niwaabamimaan,"['waabam+VTA+Ind+Pos+Neu+1SgSubj+3SgObvObj', 'waabam+VTA+Ind+Pos+Neu+1SgSubj+3PlObvObj']"
456,nimizhomaan,"['mizhwi+VTA+Ind+Pos+Neu+1SgSubj+3SgObvObj', 'mizho+VTA+Ind+Pos+Neu+1SgSubj+3SgObvObj', 'mizhwi+VTA+Ind+Pos+Neu+1SgSubj+3PlObvObj', 'mizho+VTA+Ind+Pos+Neu+1SgSubj+3PlObvObj']"
457,nimiinimaan,"['miizh+VTA+Ind+Pos+Neu+1SgSubj+3SgObvObj', 'miizh+VTA+Ind+Pos+Neu+1SgSubj+3PlObvObj']"
458,nimawadisimaan,"['mawadish+VTA+Ind+Pos+Neu+1SgSubj+3SgObvObj', 'mawadish+VTA+Ind+Pos+Neu+1SgSubj+3PlObvObj']"
459,nimizhwaa,"['mizhwi+VTA+Ind+Pos+Neu+1SgSubj+3SgProxObj', 'mizho+VTA+Ind+Pos+Neu+1SgSubj+3SgProxObj']"
460,gimikawim,"['mikawi+VAI+Ind+Pos+Neu+2PlSubj', 'mikaw+VTA+Ind+Pos+Neu+2PlSubj+1SgObj']"
461,gimizhom,"['mizhwi+VTA+Ind+Pos+Neu+2PlSubj+1SgObj', 'mizho+VTA+Ind+Pos+Neu+2PlSubj+1SgObj']"
462,gimizhwaawaa',"['mizhwi+VTA+Ind+Pos+Neu+2PlSubj+3PlObvObj', 'mizho+VTA+Ind+Pos+Neu+2PlSubj+3PlObvObj']"
463,gimizhwaawaag,"['mizhwi+VTA+Ind+Pos+Neu+2PlSubj+3PlProxObj', 'mizho+VTA+Ind+Pos+Neu+2PlSubj+3PlProxObj']"
464,gimizhwaawaan,"['mizhwi+VTA+Ind+Pos+Neu+2PlSubj+3SgObvObj', 'mizho+VTA+Ind+Pos+Neu+2PlSubj+3SgObvObj']"
465,gimizhwaawaa,"['mizhwi+VTA+Ind+Pos+Neu+2PlSubj+3SgProxObj', 'mizho+VTA+Ind+Pos+Neu+2PlSubj+3SgProxObj']"
466,gimikawinaam,"['mikaw+VTA+Ind+Pos+Neu+2SgSubj+ExclObj', 'mikaw+VTA+Ind+Pos+Neu+2PlSubj+ExclObj']"
467,giwaabaminaam,"['waabam+VTA+Ind+Pos+Neu+2SgSubj+ExclObj', 'waabam+VTA+Ind+Pos+Neu+2PlSubj+ExclObj']"
468,gimizhonaam,"['mizhwi+VTA+Ind+Pos+Neu+2SgSubj+ExclObj', 'mizho+VTA+Ind+Pos+Neu+2SgSubj+ExclObj', 'mizhwi+VTA+Ind+Pos+Neu+2PlSubj+ExclObj', 'mizho+VTA+Ind+Pos+Neu+2PlSubj+ExclObj']"
469,gimiizhinaam,"['miizh+VTA+Ind+Pos+Neu+2SgSubj+ExclObj', 'miizh+VTA+Ind+Pos+Neu+2PlSubj+ExclObj']"
470,gimawadishinaam,"['mawadish+VTA+Ind+Pos+Neu+2SgSubj+ExclObj', 'mawadish+VTA+Ind+Pos+Neu+2PlSubj+ExclObj']"
471,gimikaw,"['mikaw+VTA+Ind+Pos+Neu+2SgSubj+1SgObj', 'mikawi+VAI+Ind+Pos+Neu+2SgSubj']"
472,gimizh,"['mizhwi+VTA+Ind+Pos+Neu+2SgSubj+1SgObj', 'mizho+VTA+Ind+Pos+Neu+2SgSubj+1SgObj']"
473,gimizhomaa',"['mizhwi+VTA+Ind+Pos+Neu+2SgSubj+3PlObvObj', 'mizho+VTA+Ind+Pos+Neu+2SgSubj+3PlObvObj']"
474,gimizhwaag,"['mizhwi+VTA+Ind+Pos+Neu+2SgSubj+3PlProxObj', 'mizho+VTA+Ind+Pos+Neu+2SgSubj+3PlProxObj']"
475,gimikawimaan,"['mikaw+VTA+Ind+Pos+Neu+2SgSubj+3SgObvObj', 'mikaw+VTA+Ind+Pos+Neu+2SgSubj+3PlObvObj']"
476,giwaabamimaan,"['waabam+VTA+Ind+Pos+Neu+2SgSubj+3SgObvObj', 'waabam+VTA+Ind+Pos+Neu+2SgSubj+3PlObvObj']"
477,gimizhomaan,"['mizhwi+VTA+Ind+Pos+Neu+2SgSubj+3SgObvObj', 'mizho+VTA+Ind+Pos+Neu+2SgSubj+3SgObvObj', 'mizhwi+VTA+Ind+Pos+Neu+2SgSubj+3PlObvObj', 'mizho+VTA+Ind+Pos+Neu+2SgSubj+3PlObvObj']"
478,gimiinimaan,"['miizh+VTA+Ind+Pos+Neu+2SgSubj+3SgObvObj', 'miizh+VTA+Ind+Pos+Neu+2SgSubj+3PlObvObj']"
479,gimawadisimaan,"['mawadish+VTA+Ind+Pos+Neu+2SgSubj+3SgObvObj', 'mawadish+VTA+Ind+Pos+Neu+2SgSubj+3PlObvObj']"
480,gimizhwaa,"['mizhwi+VTA+Ind+Pos+Neu+2SgSubj+3SgProxObj', 'mizho+VTA+Ind+Pos+Neu+2SgSubj+3SgProxObj']"
481,omizhogowaa',"['mizhwi+VTA+Ind+Pos+Neu+3PlObvSubj+3PlProxObj', 'mizho+VTA+Ind+Pos+Neu+3PlObvSubj+3PlProxObj']"
482,omizhogoo',"['mizhwi+VTA+Ind+Pos+Neu+3PlObvSubj+3SgProxObj', 'mizho+VTA+Ind+Pos+Neu+3PlObvSubj+3SgProxObj']"
483,nimizhogoog,"['mizhwi+VTA+Ind+Pos+Neu+3PlProxSubj+1SgObj', 'mizho+VTA+Ind+Pos+Neu+3PlProxSubj+1SgObj']"
484,gimizhogowaag,"['mizhwi+VTA+Ind+Pos+Neu+3PlProxSubj+2PlObj', 'mizho+VTA+Ind+Pos+Neu+3PlProxSubj+2PlObj']"
485,gimizhogoog,"['mizhwi+VTA+Ind+Pos+Neu+3PlProxSubj+2SgObj', 'mizho+VTA+Ind+Pos+Neu+3PlProxSubj+2SgObj']"
486,omizhwaawaa',"['mizhwi+VTA+Ind+Pos+Neu+3PlProxSubj+3PlObvObj', 'mizho+VTA+Ind+Pos+Neu+3PlProxSubj+3PlObvObj']"
487,omikawaawaan,"['mikaw+VTA+Ind+Pos+Neu+3PlProxSubj+3PlObvObj', 'mikaw+VTA+Ind+Pos+Neu+3PlProxSubj+3SgObvObj']"
488,owaabamaawaan,"['waabam+VTA+Ind+Pos+Neu+3PlProxSubj+3PlObvObj', 'waabam+VTA+Ind+Pos+Neu+3PlProxSubj+3SgObvObj']"
489,omizhwaawaan,"['mizhwi+VTA+Ind+Pos+Neu+3PlProxSubj+3PlObvObj', 'mizho+VTA+Ind+Pos+Neu+3PlProxSubj+3PlObvObj', 'mizhwi+VTA+Ind+Pos+Neu+3PlProxSubj+3SgObvObj', 'mizho+VTA+Ind+Pos+Neu+3PlProxSubj+3SgObvObj']"
490,omiinaawaan,"['miizh+VTA+Ind+Pos+Neu+3PlProxSubj+3PlObvObj', 'miizh+VTA+Ind+Pos+Neu+3PlProxSubj+3SgObvObj']"
491,omawadisaawaan,"['mawadish+VTA+Ind+Pos+Neu+3PlProxSubj+3PlObvObj', 'mawadish+VTA+Ind+Pos+Neu+3PlProxSubj+3SgObvObj']"
492,nimizhogonaanig,"['mizhwi+VTA+Ind+Pos+Neu+3PlProxSubj+ExclObj', 'mizho+VTA+Ind+Pos+Neu+3PlProxSubj+ExclObj']"
493,gimizhogonaanig,"['mizhwi+VTA+Ind+Pos+Neu+3PlProxSubj+InclObj', 'mizho+VTA+Ind+Pos+Neu+3PlProxSubj+InclObj']"
494,omikaagowaan,"['mikaw+VTA+Ind+Pos+Neu+3SgObvSubj+3PlProxObj', 'mikaw+VTA+Ind+Pos+Neu+3PlObvSubj+3PlProxObj']"
495,owaabamigowaan,"['waabam+VTA+Ind+Pos+Neu+3SgObvSubj+3PlProxObj', 'waabam+VTA+Ind+Pos+Neu+3PlObvSubj+3PlProxObj']"
496,omizhogowaan,"['mizhwi+VTA+Ind+Pos+Neu+3SgObvSubj+3PlProxObj', 'mizho+VTA+Ind+Pos+Neu+3SgObvSubj+3PlProxObj', 'mizhwi+VTA+Ind+Pos+Neu+3PlObvSubj+3PlProxObj', 'mizho+VTA+Ind+Pos+Neu+3PlObvSubj+3PlProxObj']"
497,omiinigowaan,"['miizh+VTA+Ind+Pos+Neu+3SgObvSubj+3PlProxObj', 'miizh+VTA+Ind+Pos+Neu+3PlObvSubj+3PlProxObj']"
498,omawadisigowaan,"['mawadish+VTA+Ind+Pos+Neu+3SgObvSubj+3PlProxObj', 'mawadish+VTA+Ind+Pos+Neu+3PlObvSubj+3PlProxObj']"
499,omikaagoon,"['mikaw+VTA+Ind+Pos+Neu+3PlObvSubj+3SgProxObj', 'mikaw+VTA+Ind+Pos+Neu+3SgObvSubj+3SgProxObj']"
500,owaabamigoon,"['waabam+VTA+Ind+Pos+Neu+3PlObvSubj+3SgProxObj', 'waabam+VTA+Ind+Pos+Neu+3SgObvSubj+3SgProxObj']"
501,omizhogoon,"['mizhwi+VTA+Ind+Pos+Neu+3PlObvSubj+3SgProxObj', 'mizho+VTA+Ind+Pos+Neu+3PlObvSubj+3SgProxObj', 'mizhwi+VTA+Ind+Pos+Neu+3SgObvSubj+3SgProxObj', 'mizho+VTA+Ind+Pos+Neu+3SgObvSubj+3SgProxObj']"
502,omiinigoon,"['miizh+VTA+Ind+Pos+Neu+3PlObvSubj+3SgProxObj', 'miizh+VTA+Ind+Pos+Neu+3SgObvSubj+3SgProxObj']"
503,omawadisigoon,"['mawadish+VTA+Ind+Pos+Neu+3PlObvSubj+3SgProxObj', 'mawadish+VTA+Ind+Pos+Neu+3SgObvSubj+3SgProxObj']"
504,nimizhog,"['mizhwi+VTA+Ind+Pos+Neu+3SgProxSubj+1SgObj', 'mizho+VTA+Ind+Pos+Neu+3SgProxSubj+1SgObj']"
505,gimizhogowaa,"['mizhwi+VTA+Ind+Pos+Neu+3SgProxSubj+2PlObj', 'mizho+VTA+Ind+Pos+Neu+3SgProxSubj+2PlObj']"
506,gimizhog,"['mizhwi+VTA+Ind+Pos+Neu+3SgProxSubj+2SgObj', 'mizho+VTA+Ind+Pos+Neu+3SgProxSubj+2SgObj']"
507,omizhwaa',"['mizhwi+VTA+Ind+Pos+Neu+3SgProxSubj+3PlObvObj', 'mizho+VTA+Ind+Pos+Neu+3SgProxSubj+3PlObvObj']"
508,omikawaan,"['mikaw+VTA+Ind+Pos+Neu+3SgProxSubj+3SgObvObj', 'mikaw+VTA+Ind+Pos+Neu+3SgProxSubj+3PlObvObj']"
509,owaabamaan,"['waabam+VTA+Ind+Pos+Neu+3SgProxSubj+3SgObvObj', 'waabam+VTA+Ind+Pos+Neu+3SgProxSubj+3PlObvObj']"
510,omizhwaan,"['mizhwi+VTA+Ind+Pos+Neu+3SgProxSubj+3SgObvObj', 'mizho+VTA+Ind+Pos+Neu+3SgProxSubj+3SgObvObj', 'mizhwi+VTA+Ind+Pos+Neu+3SgProxSubj+3PlObvObj', 'mizho+VTA+Ind+Pos+Neu+3SgProxSubj+3PlObvObj']"
511,omiinaan,"['miizh+VTA+Ind+Pos+Neu+3SgProxSubj+3SgObvObj', 'miizh+VTA+Ind+Pos+Neu+3SgProxSubj+3PlObvObj']"
512,omawadisaan,"['mawadish+VTA+Ind+Pos+Neu+3SgProxSubj+3SgObvObj', 'mawadish+VTA+Ind+Pos+Neu+3SgProxSubj+3PlObvObj']"
513,nimizhogonaan,"['mizhwi+VTA+Ind+Pos+Neu+3SgProxSubj+ExclObj', 'mizho+VTA+Ind+Pos+Neu+3SgProxSubj+ExclObj']"
514,gimizhogonaan,"['mizhwi+VTA+Ind+Pos+Neu+3SgProxSubj+InclObj', 'mizho+VTA+Ind+Pos+Neu+3SgProxSubj+InclObj']"
515,gimikaagoom,"['mikaw+VTA+Ind+Pos+Neu+XSubj+2PlObj', 'mikaw+VTA+Ind+Pos+Neu+ExclSubj+2PlObj']"
516,giwaabamigoom,"['waabam+VTA+Ind+Pos+Neu+ExclSubj+2PlObj', 'waabam+VTA+Ind+Pos+Neu+XSubj+2PlObj']"
517,gimizhogoom,"['mizhwi+VTA+Ind+Pos+Neu+ExclSubj+2PlObj', 'mizho+VTA+Ind+Pos+Neu+ExclSubj+2PlObj', 'mizhwi+VTA+Ind+Pos+Neu+XSubj+2PlObj', 'mizho+VTA+Ind+Pos+Neu+XSubj+2PlObj']"
518,gimiinigoom,"['miizh+VTA+Ind+Pos+Neu+ExclSubj+2PlObj', 'miizh+VTA+Ind+Pos+Neu+XSubj+2PlObj']"
519,gimawadisigoom,"['mawadish+VTA+Ind+Pos+Neu+ExclSubj+2PlObj', 'mawadish+VTA+Ind+Pos+Neu+XSubj+2PlObj']"
520,gimikaagoo,"['mikaw+VTA+Ind+Pos+Neu+XSubj+2SgObj', 'mikaw+VTA+Ind+Pos+Neu+ExclSubj+2SgObj']"
521,giwaabamigoo,"['waabam+VTA+Ind+Pos+Neu+XSubj+2SgObj', 'waabam+VTA+Ind+Pos+Neu+ExclSubj+2SgObj']"
522,gimizhogoo,"['mizhwi+VTA+Ind+Pos+Neu+XSubj+2SgObj', 'mizho+VTA+Ind+Pos+Neu+XSubj+2SgObj', 'mizhwi+VTA+Ind+Pos+Neu+ExclSubj+2SgObj', 'mizho+VTA+Ind+Pos+Neu+ExclSubj+2SgObj']"
523,gimiinigoo,"['miizh+VTA+Ind+Pos+Neu+XSubj+2SgObj', 'miizh+VTA+Ind+Pos+Neu+ExclSubj+2SgObj']"
524,gimawadisigoo,"['mawadish+VTA+Ind+Pos+Neu+XSubj+2SgObj', 'mawadish+VTA+Ind+Pos+Neu+ExclSubj+2SgObj']"
525,nimikawaanaanig,"['mikaw+VTA+Ind+Pos+Neu+ExclSubj+3PlProxObj', 'mikaw+VTA+Ind+Pos+Neu+ExclSubj+3PlObvObj']"
526,niwaabamaanaanig,"['waabam+VTA+Ind+Pos+Neu+ExclSubj+3PlProxObj', 'waabam+VTA+Ind+Pos+Neu+ExclSubj+3PlObvObj']"
527,nimizhwaanaanig,"['mizhwi+VTA+Ind+Pos+Neu+ExclSubj+3PlProxObj', 'mizho+VTA+Ind+Pos+Neu+ExclSubj+3PlProxObj', 'mizhwi+VTA+Ind+Pos+Neu+ExclSubj+3PlObvObj', 'mizho+VTA+Ind+Pos+Neu+ExclSubj+3PlObvObj']"
528,nimiinaanaanig,"['miizh+VTA+Ind+Pos+Neu+ExclSubj+3PlProxObj', 'miizh+VTA+Ind+Pos+Neu+ExclSubj+3PlObvObj']"
529,nimawadisaanaanig,"['mawadish+VTA+Ind+Pos+Neu+ExclSubj+3PlProxObj', 'mawadish+VTA+Ind+Pos+Neu+ExclSubj+3PlObvObj']"
530,nimikawaanaan,"['mikaw+VTA+Ind+Pos+Neu+ExclSubj+3SgObvObj', 'mikaw+VTA+Ind+Pos+Neu+ExclSubj+3SgProxObj']"
531,niwaabamaanaan,"['waabam+VTA+Ind+Pos+Neu+ExclSubj+3SgObvObj', 'waabam+VTA+Ind+Pos+Neu+ExclSubj+3SgProxObj']"
532,nimizhwaanaan,"['mizhwi+VTA+Ind+Pos+Neu+ExclSubj+3SgObvObj', 'mizho+VTA+Ind+Pos+Neu+ExclSubj+3SgObvObj', 'mizhwi+VTA+Ind+Pos+Neu+ExclSubj+3SgProxObj', 'mizho+VTA+Ind+Pos+Neu+ExclSubj+3SgProxObj']"
533,nimiinaanaan,"['miizh+VTA+Ind+Pos+Neu+ExclSubj+3SgObvObj', 'miizh+VTA+Ind+Pos+Neu+ExclSubj+3SgProxObj']"
534,nimawadisaanaan,"['mawadish+VTA+Ind+Pos+Neu+ExclSubj+3SgObvObj', 'mawadish+VTA+Ind+Pos+Neu+ExclSubj+3SgProxObj']"
535,gimikawaanaanig,"['mikaw+VTA+Ind+Pos+Neu+InclSubj+3PlProxObj', 'mikaw+VTA+Ind+Pos+Neu+InclSubj+3PlObvObj']"
536,giwaabamaanaanig,"['waabam+VTA+Ind+Pos+Neu+InclSubj+3PlProxObj', 'waabam+VTA+Ind+Pos+Neu+InclSubj+3PlObvObj']"
537,gimizhwaanaanig,"['mizhwi+VTA+Ind+Pos+Neu+InclSubj+3PlProxObj', 'mizho+VTA+Ind+Pos+Neu+InclSubj+3PlProxObj', 'mizhwi+VTA+Ind+Pos+Neu+InclSubj+3PlObvObj', 'mizho+VTA+Ind+Pos+Neu+InclSubj+3PlObvObj']"
538,gimiinaanaanig,"['miizh+VTA+Ind+Pos+Neu+InclSubj+3PlProxObj', 'miizh+VTA+Ind+Pos+Neu+InclSubj+3PlObvObj']"
539,gimawadisaanaanig,"['mawadish+VTA+Ind+Pos+Neu+InclSubj+3PlProxObj', 'mawadish+VTA+Ind+Pos+Neu+InclSubj+3PlObvObj']"
540,gimikawaanaan,"['mikaw+VTA+Ind+Pos+Neu+InclSubj+3SgObvObj', 'mikaw+VTA+Ind+Pos+Neu+InclSubj+3SgProxObj']"
541,giwaabamaanaan,"['waabam+VTA+Ind+Pos+Neu+InclSubj+3SgObvObj', 'waabam+VTA+Ind+Pos+Neu+InclSubj+3SgProxObj']"
542,gimizhwaanaan,"['mizhwi+VTA+Ind+Pos+Neu+InclSubj+3SgObvObj', 'mizho+VTA+Ind+Pos+Neu+InclSubj+3SgObvObj', 'mizhwi+VTA+Ind+Pos+Neu+InclSubj+3SgProxObj', 'mizho+VTA+Ind+Pos+Neu+InclSubj+3SgProxObj']"
543,gimiinaanaan,"['miizh+VTA+Ind+Pos+Neu+InclSubj+3SgObvObj', 'miizh+VTA+Ind+Pos+Neu+InclSubj+3SgProxObj']"
544,gimawadisaanaan,"['mawadish+VTA+Ind+Pos+Neu+InclSubj+3SgObvObj', 'mawadish+VTA+Ind+Pos+Neu+InclSubj+3SgProxObj']"
545,nimizhogoo,"['mizhwi+VTA+Ind+Pos+Neu+XSubj+1SgObj', 'mizho+VTA+Ind+Pos+Neu+XSubj+1SgObj']"
546,mizhomaawa',"['mizhwi+VTA+Ind+Pos+Neu+XSubj+3PlObvObj', 'mizho+VTA+Ind+Pos+Neu+XSubj+3PlObvObj']"
547,mizhwaawag,"['mizhwi+VTA+Ind+Pos+Neu+XSubj+3PlProxObj', 'mizho+VTA+Ind+Pos+Neu+XSubj+3PlProxObj']"
548,mikawimaawan,"['mikaw+VTA+Ind+Pos+Neu+XSubj+3SgObvObj', 'mikaw+VTA+Ind+Pos+Neu+XSubj+3PlObvObj']"
549,waabamimaawan,"['waabam+VTA+Ind+Pos+Neu+XSubj+3SgObvObj', 'waabam+VTA+Ind+Pos+Neu+XSubj+3PlObvObj']"
550,mizhomaawan,"['mizhwi+VTA+Ind+Pos+Neu+XSubj+3SgObvObj', 'mizho+VTA+Ind+Pos+Neu+XSubj+3SgObvObj', 'mizhwi+VTA+Ind+Pos+Neu+XSubj+3PlObvObj', 'mizho+VTA+Ind+Pos+Neu+XSubj+3PlObvObj']"
551,miinimaawan,"['miizh+VTA+Ind+Pos+Neu+XSubj+3SgObvObj', 'miizh+VTA+Ind+Pos+Neu+XSubj+3PlObvObj']"
552,mawadisimaawan,"['mawadish+VTA+Ind+Pos+Neu+XSubj+3SgObvObj', 'mawadish+VTA+Ind+Pos+Neu+XSubj+3PlObvObj']"
553,mizhwaa,"['mizhwi+VTA+Ind+Pos+Neu+XSubj+3SgProxObj', 'mizho+VTA+Ind+Pos+Neu+XSubj+3SgProxObj']"
554,nimizhogoomin,"['mizhwi+VTA+Ind+Pos+Neu+XSubj+ExclObj', 'mizho+VTA+Ind+Pos+Neu+XSubj+ExclObj']"
555,gimizhogoomin,"['mizhwi+VTA+Ind+Pos+Neu+XSubj+InclObj', 'mizho+VTA+Ind+Pos+Neu+XSubj+InclObj']"
556,nimizhogosiinaabaniin,"['mizhwi+VTA+Ind+Neg+Prt+0PlSubj+1SgObj', 'mizho+VTA+Ind+Neg+Prt+0PlSubj+1SgObj']"
557,gimizhogosiinaawaabaniin,"['mizhwi+VTA+Ind+Neg+Prt+0PlSubj+2PlObj', 'mizho+VTA+Ind+Neg+Prt+0PlSubj+2PlObj']"
558,gimizhogosiinaabaniin,"['mizhwi+VTA+Ind+Neg+Prt+0PlSubj+2SgObj', 'mizho+VTA+Ind+Neg+Prt+0PlSubj+2SgObj']"
559,omikaagosiinaabaniin,"['mikaw+VTA+Ind+Neg+Prt+0PlSubj+3PlObvObj', 'mikaw+VTA+Ind+Neg+Prt+0PlSubj+3SgObvObj', 'mikaw+VTA+Ind+Neg+Prt+0PlSubj+3SgProxObj']"
560,owaabamigosiinaabaniin,"['waabam+VTA+Ind+Neg+Prt+0PlSubj+3PlObvObj', 'waabam+VTA+Ind+Neg+Prt+0PlSubj+3SgObvObj', 'waabam+VTA+Ind+Neg+Prt+0PlSubj+3SgProxObj']"
561,omizhogosiinaabaniin,"['mizhwi+VTA+Ind+Neg+Prt+0PlSubj+3PlObvObj', 'mizho+VTA+Ind+Neg+Prt+0PlSubj+3PlObvObj', 'mizhwi+VTA+Ind+Neg+Prt+0PlSubj+3SgObvObj', 'mizho+VTA+Ind+Neg+Prt+0PlSubj+3SgObvObj', 'mizhwi+VTA+Ind+Neg+Prt+0PlSubj+3SgProxObj', 'mizho+VTA+Ind+Neg+Prt+0PlSubj+3SgProxObj']"
562,omiinigosiinaabaniin,"['miizh+VTA+Ind+Neg+Prt+0PlSubj+3PlObvObj', 'miizh+VTA+Ind+Neg+Prt+0PlSubj+3SgObvObj', 'miizh+VTA+Ind+Neg+Prt+0PlSubj+3SgProxObj']"
563,omawadisigosiinaabaniin,"['mawadish+VTA+Ind+Neg+Prt+0PlSubj+3PlObvObj', 'mawadish+VTA+Ind+Neg+Prt+0PlSubj+3SgObvObj', 'mawadish+VTA+Ind+Neg+Prt+0PlSubj+3SgProxObj']"
564,omizhogosiinaawaabaniin,"['mizhwi+VTA+Ind+Neg+Prt+0PlSubj+3PlProxObj', 'mizho+VTA+Ind+Neg+Prt+0PlSubj+3PlProxObj']"
565,nimizhogosiiminaabaniin,"['mizhwi+VTA+Ind+Neg+Prt+0PlSubj+ExclObj', 'mizho+VTA+Ind+Neg+Prt+0PlSubj+ExclObj']"
566,gimizhogosiiminaabaniin,"['mizhwi+VTA+Ind+Neg+Prt+0PlSubj+InclObj', 'mizho+VTA+Ind+Neg+Prt+0PlSubj+InclObj']"
567,nimikaagosiinaaban,"['mikaw+VTA+Ind+Neg+Prt+3SgProxSubj+ExclObj', 'mikaw+VTA+Ind+Neg+Prt+0SgSubj+1SgObj']"
568,niwaabamigosiinaaban,"['waabam+VTA+Ind+Neg+Prt+3SgProxSubj+ExclObj', 'waabam+VTA+Ind+Neg+Prt+0SgSubj+1SgObj']"
569,nimizhogosiinaaban,"['mizhwi+VTA+Ind+Neg+Prt+3SgProxSubj+ExclObj', 'mizho+VTA+Ind+Neg+Prt+3SgProxSubj+ExclObj', 'mizhwi+VTA+Ind+Neg+Prt+0SgSubj+1SgObj', 'mizho+VTA+Ind+Neg+Prt+0SgSubj+1SgObj']"
570,nimiinigosiinaaban,"['miizh+VTA+Ind+Neg+Prt+3SgProxSubj+ExclObj', 'miizh+VTA+Ind+Neg+Prt+0SgSubj+1SgObj']"
571,nimawadisigosiinaaban,"['mawadish+VTA+Ind+Neg+Prt+3SgProxSubj+ExclObj', 'mawadish+VTA+Ind+Neg+Prt+0SgSubj+1SgObj']"
572,gimizhogosiinaawaaban,"['mizhwi+VTA+Ind+Neg+Prt+0SgSubj+2PlObj', 'mizho+VTA+Ind+Neg+Prt+0SgSubj+2PlObj']"
573,gimikaagosiinaaban,"['mikaw+VTA+Ind+Neg+Prt+3SgProxSubj+InclObj', 'mikaw+VTA+Ind+Neg+Prt+0SgSubj+2SgObj']"
574,giwaabamigosiinaaban,"['waabam+VTA+Ind+Neg+Prt+3SgProxSubj+InclObj', 'waabam+VTA+Ind+Neg+Prt+0SgSubj+2SgObj']"
575,gimizhogosiinaaban,"['mizhwi+VTA+Ind+Neg+Prt+3SgProxSubj+InclObj', 'mizho+VTA+Ind+Neg+Prt+3SgProxSubj+InclObj', 'mizhwi+VTA+Ind+Neg+Prt+0SgSubj+2SgObj', 'mizho+VTA+Ind+Neg+Prt+0SgSubj+2SgObj']"
576,gimiinigosiinaaban,"['miizh+VTA+Ind+Neg+Prt+3SgProxSubj+InclObj', 'miizh+VTA+Ind+Neg+Prt+0SgSubj+2SgObj']"
577,gimawadisigosiinaaban,"['mawadish+VTA+Ind+Neg+Prt+3SgProxSubj+InclObj', 'mawadish+VTA+Ind+Neg+Prt+0SgSubj+2SgObj']"
578,omikaagosiinaawaaban,"['mikaw+VTA+Ind+Neg+Prt+0SgSubj+3PlProxObj', 'mikaw+VTA+Ind+Neg+Prt+0SgSubj+3PlObvObj']"
579,owaabamigosiinaawaaban,"['waabam+VTA+Ind+Neg+Prt+0SgSubj+3PlProxObj', 'waabam+VTA+Ind+Neg+Prt+0SgSubj+3PlObvObj']"
580,omizhogosiinaawaaban,"['mizhwi+VTA+Ind+Neg+Prt+0SgSubj+3PlProxObj', 'mizho+VTA+Ind+Neg+Prt+0SgSubj+3PlProxObj', 'mizhwi+VTA+Ind+Neg+Prt+0SgSubj+3PlObvObj', 'mizho+VTA+Ind+Neg+Prt+0SgSubj+3PlObvObj']"
581,omiinigosiinaawaaban,"['miizh+VTA+Ind+Neg+Prt+0SgSubj+3PlProxObj', 'miizh+VTA+Ind+Neg+Prt+0SgSubj+3PlObvObj']"
582,omawadisigosiinaawaaban,"['mawadish+VTA+Ind+Neg+Prt+0SgSubj+3PlProxObj', 'mawadish+VTA+Ind+Neg+Prt+0SgSubj+3PlObvObj']"
583,omikaagosiinaaban,"['mikaw+VTA+Ind+Neg+Prt+0SgSubj+3SgProxObj', 'mikaw+VTA+Ind+Neg+Prt+0SgSubj+3SgObvObj']"
584,owaabamigosiinaaban,"['waabam+VTA+Ind+Neg+Prt+0SgSubj+3SgProxObj', 'waabam+VTA+Ind+Neg+Prt+0SgSubj+3SgObvObj']"
585,omizhogosiinaaban,"['mizhwi+VTA+Ind+Neg+Prt+0SgSubj+3SgProxObj', 'mizho+VTA+Ind+Neg+Prt+0SgSubj+3SgProxObj', 'mizhwi+VTA+Ind+Neg+Prt+0SgSubj+3SgObvObj', 'mizho+VTA+Ind+Neg+Prt+0SgSubj+3SgObvObj']"
586,omiinigosiinaaban,"['miizh+VTA+Ind+Neg+Prt+0SgSubj+3SgProxObj', 'miizh+VTA+Ind+Neg+Prt+0SgSubj+3SgObvObj']"
587,omawadisigosiinaaban,"['mawadish+VTA+Ind+Neg+Prt+0SgSubj+3SgProxObj', 'mawadish+VTA+Ind+Neg+Prt+0SgSubj+3SgObvObj']"
588,nimizhogosiiminaaban,"['mizhwi+VTA+Ind+Neg+Prt+0SgSubj+ExclObj', 'mizho+VTA+Ind+Neg+Prt+0SgSubj+ExclObj']"
589,gimizhogosiiminaaban,"['mizhwi+VTA+Ind+Neg+Prt+0SgSubj+InclObj', 'mizho+VTA+Ind+Neg+Prt+0SgSubj+InclObj']"
590,gimizhosinooninimwaaban,"['mizhwi+VTA+Ind+Neg+Prt+1SgSubj+2PlObj', 'mizho+VTA+Ind+Neg+Prt+1SgSubj+2PlObj']"
591,gimizhosinooninaaban,"['mizhwi+VTA+Ind+Neg+Prt+1SgSubj+2SgObj', 'mizho+VTA+Ind+Neg+Prt+1SgSubj+2SgObj']"
592,nimizhomaasiibanii',"['mizhwi+VTA+Ind+Neg+Prt+1SgSubj+3PlObvObj', 'mizho+VTA+Ind+Neg+Prt+1SgSubj+3PlObvObj']"
593,nimizhwaasiibaniig,"['mizhwi+VTA+Ind+Neg+Prt+1SgSubj+3PlProxObj', 'mizho+VTA+Ind+Neg+Prt+1SgSubj+3PlProxObj']"
594,nimikawimaasiibaniin,"['mikaw+VTA+Ind+Neg+Prt+1SgSubj+3SgObvObj', 'mikaw+VTA+Ind+Neg+Prt+1SgSubj+3PlObvObj']"
595,niwaabamimaasiibaniin,"['waabam+VTA+Ind+Neg+Prt+1SgSubj+3SgObvObj', 'waabam+VTA+Ind+Neg+Prt+1SgSubj+3PlObvObj']"
596,nimizhomaasiibaniin,"['mizhwi+VTA+Ind+Neg+Prt+1SgSubj+3SgObvObj', 'mizho+VTA+Ind+Neg+Prt+1SgSubj+3SgObvObj', 'mizhwi+VTA+Ind+Neg+Prt+1SgSubj+3PlObvObj', 'mizho+VTA+Ind+Neg+Prt+1SgSubj+3PlObvObj']"
597,nimiinimaasiibaniin,"['miizh+VTA+Ind+Neg+Prt+1SgSubj+3SgObvObj', 'miizh+VTA+Ind+Neg+Prt+1SgSubj+3PlObvObj']"
598,nimawadisimaasiibaniin,"['mawadish+VTA+Ind+Neg+Prt+1SgSubj+3SgObvObj', 'mawadish+VTA+Ind+Neg+Prt+1SgSubj+3PlObvObj']"
599,nimizhwaasiiban,"['mizhwi+VTA+Ind+Neg+Prt+1SgSubj+3SgProxObj', 'mizho+VTA+Ind+Neg+Prt+1SgSubj+3SgProxObj']"
600,gimikawisiimwaaban,"['mikaw+VTA+Ind+Neg+Prt+2PlSubj+1SgObj', 'mikawi+VAI+Ind+Neg+Prt+2PlSubj']"
601,gimizhosiimwaaban,"['mizhwi+VTA+Ind+Neg+Prt+2PlSubj+1SgObj', 'mizho+VTA+Ind+Neg+Prt+2PlSubj+1SgObj']"
602,gimizhwaasiwaawaabanii',"['mizhwi+VTA+Ind+Neg+Prt+2PlSubj+3PlObvObj', 'mizho+VTA+Ind+Neg+Prt+2PlSubj+3PlObvObj']"
603,gimizhwaasiwaawaabaniig,"['mizhwi+VTA+Ind+Neg+Prt+2PlSubj+3PlProxObj', 'mizho+VTA+Ind+Neg+Prt+2PlSubj+3PlProxObj']"
604,gimizhwaasiwaawaabaniin,"['mizhwi+VTA+Ind+Neg+Prt+2PlSubj+3SgObvObj', 'mizho+VTA+Ind+Neg+Prt+2PlSubj+3SgObvObj']"
605,gimizhwaasiwaawaaban,"['mizhwi+VTA+Ind+Neg+Prt+2PlSubj+3SgProxObj', 'mizho+VTA+Ind+Neg+Prt+2PlSubj+3SgProxObj']"
606,gimikawisiinaamaaban,"['mikaw+VTA+Ind+Neg+Prt+2SgSubj+ExclObj', 'mikaw+VTA+Ind+Neg+Prt+2PlSubj+ExclObj']"
607,giwaabamisiinaamaaban,"['waabam+VTA+Ind+Neg+Prt+2SgSubj+ExclObj', 'waabam+VTA+Ind+Neg+Prt+2PlSubj+ExclObj']"
608,gimizhosiinaamaaban,"['mizhwi+VTA+Ind+Neg+Prt+2SgSubj+ExclObj', 'mizho+VTA+Ind+Neg+Prt+2SgSubj+ExclObj', 'mizhwi+VTA+Ind+Neg+Prt+2PlSubj+ExclObj', 'mizho+VTA+Ind+Neg+Prt+2PlSubj+ExclObj']"
609,gimiizhisiinaamaaban,"['miizh+VTA+Ind+Neg+Prt+2SgSubj+ExclObj', 'miizh+VTA+Ind+Neg+Prt+2PlSubj+ExclObj']"
610,gimawadishisiinaamaaban,"['mawadish+VTA+Ind+Neg+Prt+2SgSubj+ExclObj', 'mawadish+VTA+Ind+Neg+Prt+2PlSubj+ExclObj']"
611,gimikawisiinaaban,"['mikaw+VTA+Ind+Neg+Prt+2SgSubj+1SgObj', 'mikawi+VAI+Ind+Neg+Prt+2SgSubj']"
612,gimizhosiinaaban,"['mizhwi+VTA+Ind+Neg+Prt+2SgSubj+1SgObj', 'mizho+VTA+Ind+Neg+Prt+2SgSubj+1SgObj']"
613,gimizhomaasiibanii',"['mizhwi+VTA+Ind+Neg+Prt+2SgSubj+3PlObvObj', 'mizho+VTA+Ind+Neg+Prt+2SgSubj+3PlObvObj']"
614,gimizhwaasiibaniig,"['mizhwi+VTA+Ind+Neg+Prt+2SgSubj+3PlProxObj', 'mizho+VTA+Ind+Neg+Prt+2SgSubj+3PlProxObj']"
615,gimikawimaasiibaniin,"['mikaw+VTA+Ind+Neg+Prt+2SgSubj+3SgObvObj', 'mikaw+VTA+Ind+Neg+Prt+2SgSubj+3PlObvObj']"
616,giwaabamimaasiibaniin,"['waabam+VTA+Ind+Neg+Prt+2SgSubj+3SgObvObj', 'waabam+VTA+Ind+Neg+Prt+2SgSubj+3PlObvObj']"
617,gimizhomaasiibaniin,"['mizhwi+VTA+Ind+Neg+Prt+2SgSubj+3SgObvObj', 'mizho+VTA+Ind+Neg+Prt+2SgSubj+3SgObvObj', 'mizhwi+VTA+Ind+Neg+Prt+2SgSubj+3PlObvObj', 'mizho+VTA+Ind+Neg+Prt+2SgSubj+3PlObvObj']"
618,gimiinimaasiibaniin,"['miizh+VTA+Ind+Neg+Prt+2SgSubj+3SgObvObj', 'miizh+VTA+Ind+Neg+Prt+2SgSubj+3PlObvObj']"
619,gimawadisimaasiibaniin,"['mawadish+VTA+Ind+Neg+Prt+2SgSubj+3SgObvObj', 'mawadish+VTA+Ind+Neg+Prt+2SgSubj+3PlObvObj']"
620,gimizhwaasiiban,"['mizhwi+VTA+Ind+Neg+Prt+2SgSubj+3SgProxObj', 'mizho+VTA+Ind+Neg+Prt+2SgSubj+3SgProxObj']"
621,omizhogosiiwaabanii',"['mizhwi+VTA+Ind+Neg+Prt+3PlObvSubj+3PlProxObj', 'mizho+VTA+Ind+Neg+Prt+3PlObvSubj+3PlProxObj']"
622,omizhogosiibanii',"['mizhwi+VTA+Ind+Neg+Prt+3PlObvSubj+3SgProxObj', 'mizho+VTA+Ind+Neg+Prt+3PlObvSubj+3SgProxObj']"
623,nimizhogosiibaniig,"['mizhwi+VTA+Ind+Neg+Prt+3PlProxSubj+1SgObj', 'mizho+VTA+Ind+Neg+Prt+3PlProxSubj+1SgObj']"
624,gimizhogosiiwaabaniig,"['mizhwi+VTA+Ind+Neg+Prt+3PlProxSubj+2PlObj', 'mizho+VTA+Ind+Neg+Prt+3PlProxSubj+2PlObj']"
625,gimizhogosiibaniig,"['mizhwi+VTA+Ind+Neg+Prt+3PlProxSubj+2SgObj', 'mizho+VTA+Ind+Neg+Prt+3PlProxSubj+2SgObj']"
626,omizhwaasiwaawaabanii',"['mizhwi+VTA+Ind+Neg+Prt+3PlProxSubj+3PlObvObj', 'mizho+VTA+Ind+Neg+Prt+3PlProxSubj+3PlObvObj']"
627,omizhwaasiwaawaabaniin,"['mizhwi+VTA+Ind+Neg+Prt+3PlProxSubj+3SgObvObj', 'mizho+VTA+Ind+Neg+Prt+3PlProxSubj+3SgObvObj']"
628,nimizhogonaabaniig,"['mizhwi+VTA+Ind+Neg+Prt+3PlProxSubj+ExclObj', 'mizho+VTA+Ind+Neg+Prt+3PlProxSubj+ExclObj']"
629,gimizhogosiinaabaniig,"['mizhwi+VTA+Ind+Neg+Prt+3PlProxSubj+InclObj', 'mizho+VTA+Ind+Neg+Prt+3PlProxSubj+InclObj']"
630,omizhogosiiwaabaniin,"['mizhwi+VTA+Ind+Neg+Prt+3SgObvSubj+3PlProxObj', 'mizho+VTA+Ind+Neg+Prt+3SgObvSubj+3PlProxObj']"
631,omizhogosiibaniin,"['mizhwi+VTA+Ind+Neg+Prt+3SgObvSubj+3SgProxObj', 'mizho+VTA+Ind+Neg+Prt+3SgObvSubj+3SgProxObj']"
632,nimizhogosiiban,"['mizhwi+VTA+Ind+Neg+Prt+3SgProxSubj+1SgObj', 'mizho+VTA+Ind+Neg+Prt+3SgProxSubj+1SgObj']"
633,gimizhogosiiwaaban,"['mizhwi+VTA+Ind+Neg+Prt+3SgProxSubj+2PlObj', 'mizho+VTA+Ind+Neg+Prt+3SgProxSubj+2PlObj']"
634,gimizhogosiiban,"['mizhwi+VTA+Ind+Neg+Prt+3SgProxSubj+2SgObj', 'mizho+VTA+Ind+Neg+Prt+3SgProxSubj+2SgObj']"
635,omizhwaasiibanii',"['mizhwi+VTA+Ind+Neg+Prt+3SgProxSubj+3PlObvObj', 'mizho+VTA+Ind+Neg+Prt+3SgProxSubj+3PlObvObj']"
636,omizhwaasiibaniin,"['mizhwi+VTA+Ind+Neg+Prt+3SgProxSubj+3SgObvObj', 'mizho+VTA+Ind+Neg+Prt+3SgProxSubj+3SgObvObj']"
637,gimikaagoosiimwaaban,"['mikaw+VTA+Ind+Neg+Prt+XSubj+2PlObj', 'mikaw+VTA+Ind+Neg+Prt+ExclSubj+2PlObj']"
638,giwaabamigoosiimwaaban,"['waabam+VTA+Ind+Neg+Prt+XSubj+2PlObj', 'waabam+VTA+Ind+Neg+Prt+ExclSubj+2PlObj']"
639,gimizhogoosiimwaaban,"['mizhwi+VTA+Ind+Neg+Prt+XSubj+2PlObj', 'mizho+VTA+Ind+Neg+Prt+XSubj+2PlObj', 'mizhwi+VTA+Ind+Neg+Prt+ExclSubj+2PlObj', 'mizho+VTA+Ind+Neg+Prt+ExclSubj+2PlObj']"
640,gimiinigoosiimwaaban,"['miizh+VTA+Ind+Neg+Prt+XSubj+2PlObj', 'miizh+VTA+Ind+Neg+Prt+ExclSubj+2PlObj']"
641,gimawadisigoosiimwaaban,"['mawadish+VTA+Ind+Neg+Prt+XSubj+2PlObj', 'mawadish+VTA+Ind+Neg+Prt+ExclSubj+2PlObj']"
642,gimikaagoosiinaaban,"['mikaw+VTA+Ind+Neg+Prt+XSubj+2SgObj', 'mikaw+VTA+Ind+Neg+Prt+ExclSubj+2SgObj']"
643,giwaabamigoosiinaaban,"['waabam+VTA+Ind+Neg+Prt+XSubj+2SgObj', 'waabam+VTA+Ind+Neg+Prt+ExclSubj+2SgObj']"
644,gimizhogoosiinaaban,"['mizhwi+VTA+Ind+Neg+Prt+XSubj+2SgObj', 'mizho+VTA+Ind+Neg+Prt+XSubj+2SgObj', 'mizhwi+VTA+Ind+Neg+Prt+ExclSubj+2SgObj', 'mizho+VTA+Ind+Neg+Prt+ExclSubj+2SgObj']"
645,gimiinigoosiinaaban,"['miizh+VTA+Ind+Neg+Prt+XSubj+2SgObj', 'miizh+VTA+Ind+Neg+Prt+ExclSubj+2SgObj']"
646,gimawadisigoosiinaaban,"['mawadish+VTA+Ind+Neg+Prt+XSubj+2SgObj', 'mawadish+VTA+Ind+Neg+Prt+ExclSubj+2SgObj']"
647,nimizhwaasiwaanaabanii',"['mizhwi+VTA+Ind+Neg+Prt+ExclSubj+3PlObvObj', 'mizho+VTA+Ind+Neg+Prt+ExclSubj+3PlObvObj']"
648,nimizhwaasiwaanaabaniig,"['mizhwi+VTA+Ind+Neg+Prt+ExclSubj+3PlProxObj', 'mizho+VTA+Ind+Neg+Prt+ExclSubj+3PlProxObj']"
649,nimizhwaasiwaanaabaniin,"['mizhwi+VTA+Ind+Neg+Prt+ExclSubj+3SgObvObj', 'mizho+VTA+Ind+Neg+Prt+ExclSubj+3SgObvObj']"
650,nimizhwaasiwaanaaban,"['mizhwi+VTA+Ind+Neg+Prt+ExclSubj+3SgProxObj', 'mizho+VTA+Ind+Neg+Prt+ExclSubj+3SgProxObj']"
651,gimikawaasiwaanaabaniig,"['mikaw+VTA+Ind+Neg+Prt+InclSubj+3PlObvObj', 'mikaw+VTA+Ind+Neg+Prt+InclSubj+3PlProxObj']"
652,giwaabamaasiwaanaabaniig,"['waabam+VTA+Ind+Neg+Prt+InclSubj+3PlObvObj', 'waabam+VTA+Ind+Neg+Prt+InclSubj+3PlProxObj']"
653,gimizhwaasiwaanaabaniig,"['mizhwi+VTA+Ind+Neg+Prt+InclSubj+3PlObvObj', 'mizho+VTA+Ind+Neg+Prt+InclSubj+3PlObvObj', 'mizhwi+VTA+Ind+Neg+Prt+InclSubj+3PlProxObj', 'mizho+VTA+Ind+Neg+Prt+InclSubj+3PlProxObj']"
654,gimiinaasiwaanaabaniig,"['miizh+VTA+Ind+Neg+Prt+InclSubj+3PlObvObj', 'miizh+VTA+Ind+Neg+Prt+InclSubj+3PlProxObj']"
655,gimawadisaasiwaanaabaniig,"['mawadish+VTA+Ind+Neg+Prt+InclSubj+3PlObvObj', 'mawadish+VTA+Ind+Neg+Prt+InclSubj+3PlProxObj']"
656,gimizhwaasiwaanaabaniin,"['mizhwi+VTA+Ind+Neg+Prt+InclSubj+3SgObvObj', 'mizho+VTA+Ind+Neg+Prt+InclSubj+3SgObvObj']"
657,gimizhwaasiwaanaaban,"['mizhwi+VTA+Ind+Neg+Prt+InclSubj+3SgProxObj', 'mizho+VTA+Ind+Neg+Prt+InclSubj+3SgProxObj']"
658,nimizhogoosiinaaban,"['mizhwi+VTA+Ind+Neg+Prt+XSubj+1SgObj', 'mizho+VTA+Ind+Neg+Prt+XSubj+1SgObj']"
659,mizhomaasiibanii',"['mizhwi+VTA+Ind+Neg+Prt+XSubj+3PlObvObj', 'mizho+VTA+Ind+Neg+Prt+XSubj+3PlObvObj']"
660,mizhwaasiibaniig,"['mizhwi+VTA+Ind+Neg+Prt+XSubj+3PlProxObj', 'mizho+VTA+Ind+Neg+Prt+XSubj+3PlProxObj']"
661,mizhomaasiibaniin,"['mizhwi+VTA+Ind+Neg+Prt+XSubj+3SgObvObj', 'mizho+VTA+Ind+Neg+Prt+XSubj+3SgObvObj']"
662,mizhwaasiiban,"['mizhwi+VTA+Ind+Neg+Prt+XSubj+3SgProxObj', 'mizho+VTA+Ind+Neg+Prt+XSubj+3SgProxObj']"
663,nimizhogoosiiminaaban,"['mizhwi+VTA+Ind+Neg+Prt+XSubj+ExclObj', 'mizho+VTA+Ind+Neg+Prt+XSubj+ExclObj']"
664,gimizhogoosiiminaaban,"['mizhwi+VTA+Ind+Neg+Prt+XSubj+InclObj', 'mizho+VTA+Ind+Neg+Prt+XSubj+InclObj']"
665,nimizhogonaabaniin,"['mizhwi+VTA+Ind+Pos+Prt+0PlSubj+1SgObj', 'mizho+VTA+Ind+Pos+Prt+0PlSubj+1SgObj']"
666,gimizhogonaawaabaniin,"['mizhwi+VTA+Ind+Pos+Prt+0PlSubj+2PlObj', 'mizho+VTA+Ind+Pos+Prt+0PlSubj+2PlObj']"
667,gimizhogonaabaniin,"['mizhwi+VTA+Ind+Pos+Prt+0PlSubj+2SgObj', 'mizho+VTA+Ind+Pos+Prt+0PlSubj+2SgObj']"
668,omikaagonaawaabaniin,"['mikaw+VTA+Ind+Pos+Prt+0PlSubj+3PlObvObj', 'mikaw+VTA+Ind+Pos+Prt+0PlSubj+3PlProxObj']"
669,owaabamigonaawaabaniin,"['waabam+VTA+Ind+Pos+Prt+0PlSubj+3PlObvObj', 'waabam+VTA+Ind+Pos+Prt+0PlSubj+3PlProxObj']"
670,omizhogonaawaabaniin,"['mizhwi+VTA+Ind+Pos+Prt+0PlSubj+3PlObvObj', 'mizho+VTA+Ind+Pos+Prt+0PlSubj+3PlObvObj', 'mizhwi+VTA+Ind+Pos+Prt+0PlSubj+3PlProxObj', 'mizho+VTA+Ind+Pos+Prt+0PlSubj+3PlProxObj']"
671,omiinigonaawaabaniin,"['miizh+VTA+Ind+Pos+Prt+0PlSubj+3PlObvObj', 'miizh+VTA+Ind+Pos+Prt+0PlSubj+3PlProxObj']"
672,omawadisigonaawaabaniin,"['mawadish+VTA+Ind+Pos+Prt+0PlSubj+3PlObvObj', 'mawadish+VTA+Ind+Pos+Prt+0PlSubj+3PlProxObj']"
673,omikaagonaabaniin,"['mikaw+VTA+Ind+Pos+Prt+0PlSubj+3SgObvObj', 'mikaw+VTA+Ind+Pos+Prt+0PlSubj+3SgProxObj']"
674,owaabamigonaabaniin,"['waabam+VTA+Ind+Pos+Prt+0PlSubj+3SgObvObj', 'waabam+VTA+Ind+Pos+Prt+0PlSubj+3SgProxObj']"
675,omizhogonaabaniin,"['mizhwi+VTA+Ind+Pos+Prt+0PlSubj+3SgObvObj', 'mizho+VTA+Ind+Pos+Prt+0PlSubj+3SgObvObj', 'mizhwi+VTA+Ind+Pos+Prt+0PlSubj+3SgProxObj', 'mizho+VTA+Ind+Pos+Prt+0PlSubj+3SgProxObj']"
676,omiinigonaabaniin,"['miizh+VTA+Ind+Pos+Prt+0PlSubj+3SgObvObj', 'miizh+VTA+Ind+Pos+Prt+0PlSubj+3SgProxObj']"
677,omawadisigonaabaniin,"['mawadish+VTA+Ind+Pos+Prt+0PlSubj+3SgObvObj', 'mawadish+VTA+Ind+Pos+Prt+0PlSubj+3SgProxObj']"
678,nimizhogominaabaniin,"['mizhwi+VTA+Ind+Pos+Prt+0PlSubj+ExclObj', 'mizho+VTA+Ind+Pos+Prt+0PlSubj+ExclObj']"
679,gimizhogominaabaniin,"['mizhwi+VTA+Ind+Pos+Prt+0PlSubj+InclObj', 'mizho+VTA+Ind+Pos+Prt+0PlSubj+InclObj']"
680,nimikaagonaaban,"['mikaw+VTA+Ind+Pos+Prt+0SgSubj+1SgObj', 'mikaw+VTA+Ind+Pos+Prt+3SgProxSubj+ExclObj']"
681,niwaabamigonaaban,"['waabam+VTA+Ind+Pos+Prt+0SgSubj+1SgObj', 'waabam+VTA+Ind+Pos+Prt+3SgProxSubj+ExclObj']"
682,nimizhogonaaban,"['mizhwi+VTA+Ind+Pos+Prt+0SgSubj+1SgObj', 'mizho+VTA+Ind+Pos+Prt+0SgSubj+1SgObj', 'mizhwi+VTA+Ind+Pos+Prt+3SgProxSubj+ExclObj', 'mizho+VTA+Ind+Pos+Prt+3SgProxSubj+ExclObj']"
683,nimiinigonaaban,"['miizh+VTA+Ind+Pos+Prt+0SgSubj+1SgObj', 'miizh+VTA+Ind+Pos+Prt+3SgProxSubj+ExclObj']"
684,nimawadisigonaaban,"['mawadish+VTA+Ind+Pos+Prt+0SgSubj+1SgObj', 'mawadish+VTA+Ind+Pos+Prt+3SgProxSubj+ExclObj']"
685,gimizhogonaawaaban,"['mizhwi+VTA+Ind+Pos+Prt+0SgSubj+2PlObj', 'mizho+VTA+Ind+Pos+Prt+0SgSubj+2PlObj']"
686,gimikaagonaaban,"['mikaw+VTA+Ind+Pos+Prt+3SgProxSubj+InclObj', 'mikaw+VTA+Ind+Pos+Prt+0SgSubj+2SgObj']"
687,giwaabamigonaaban,"['waabam+VTA+Ind+Pos+Prt+3SgProxSubj+InclObj', 'waabam+VTA+Ind+Pos+Prt+0SgSubj+2SgObj']"
688,gimizhogonaaban,"['mizhwi+VTA+Ind+Pos+Prt+3SgProxSubj+InclObj', 'mizho+VTA+Ind+Pos+Prt+3SgProxSubj+InclObj', 'mizhwi+VTA+Ind+Pos+Prt+0SgSubj+2SgObj', 'mizho+VTA+Ind+Pos+Prt+0SgSubj+2SgObj']"
689,gimiinigonaaban,"['miizh+VTA+Ind+Pos+Prt+3SgProxSubj+InclObj', 'miizh+VTA+Ind+Pos+Prt+0SgSubj+2SgObj']"
690,gimawadisigonaaban,"['mawadish+VTA+Ind+Pos+Prt+3SgProxSubj+InclObj', 'mawadish+VTA+Ind+Pos+Prt+0SgSubj+2SgObj']"
691,omikaagonaawaaban,"['mikaw+VTA+Ind+Pos+Prt+0SgSubj+3PlObvObj', 'mikaw+VTA+Ind+Pos+Prt+0SgSubj+3PlProxObj']"
692,owaabamigonaawaaban,"['waabam+VTA+Ind+Pos+Prt+0SgSubj+3PlObvObj', 'waabam+VTA+Ind+Pos+Prt+0SgSubj+3PlProxObj']"
693,omizhogonaawaaban,"['mizhwi+VTA+Ind+Pos+Prt+0SgSubj+3PlObvObj', 'mizho+VTA+Ind+Pos+Prt+0SgSubj+3PlObvObj', 'mizhwi+VTA+Ind+Pos+Prt+0SgSubj+3PlProxObj', 'mizho+VTA+Ind+Pos+Prt+0SgSubj+3PlProxObj']"
694,omiinigonaawaaban,"['miizh+VTA+Ind+Pos+Prt+0SgSubj+3PlObvObj', 'miizh+VTA+Ind+Pos+Prt+0SgSubj+3PlProxObj']"
695,omawadisigonaawaaban,"['mawadish+VTA+Ind+Pos+Prt+0SgSubj+3PlObvObj', 'mawadish+VTA+Ind+Pos+Prt+0SgSubj+3PlProxObj']"
696,omikaagonaaban,"['mikaw+VTA+Ind+Pos+Prt+0SgSubj+3SgObvObj', 'mikaw+VTA+Ind+Pos+Prt+0SgSubj+3SgProxObj']"
697,owaabamigonaaban,"['waabam+VTA+Ind+Pos+Prt+0SgSubj+3SgObvObj', 'waabam+VTA+Ind+Pos+Prt+0SgSubj+3SgProxObj']"
698,omizhogonaaban,"['mizhwi+VTA+Ind+Pos+Prt+0SgSubj+3SgObvObj', 'mizho+VTA+Ind+Pos+Prt+0SgSubj+3SgObvObj', 'mizhwi+VTA+Ind+Pos+Prt+0SgSubj+3SgProxObj', 'mizho+VTA+Ind+Pos+Prt+0SgSubj+3SgProxObj']"
699,omiinigonaaban,"['miizh+VTA+Ind+Pos+Prt+0SgSubj+3SgObvObj', 'miizh+VTA+Ind+Pos+Prt+0SgSubj+3SgProxObj']"
700,omawadisigonaaban,"['mawadish+VTA+Ind+Pos+Prt+0SgSubj+3SgObvObj', 'mawadish+VTA+Ind+Pos+Prt+0SgSubj+3SgProxObj']"
701,nimizhogominaaban,"['mizhwi+VTA+Ind+Pos+Prt+0SgSubj+ExclObj', 'mizho+VTA+Ind+Pos+Prt+0SgSubj+ExclObj']"
702,gimizhogominaaban,"['mizhwi+VTA+Ind+Pos+Prt+0SgSubj+InclObj', 'mizho+VTA+Ind+Pos+Prt+0SgSubj+InclObj']"
703,gimizhoninimwaaban,"['mizhwi+VTA+Ind+Pos+Prt+1SgSubj+2PlObj', 'mizho+VTA+Ind+Pos+Prt+1SgSubj+2PlObj']"
704,gimizhoninaaban,"['mizhwi+VTA+Ind+Pos+Prt+1SgSubj+2SgObj', 'mizho+VTA+Ind+Pos+Prt+1SgSubj+2SgObj']"
705,nimizhomaabanii',"['mizhwi+VTA+Ind+Pos+Prt+1SgSubj+3PlObvObj', 'mizho+VTA+Ind+Pos+Prt+1SgSubj+3PlObvObj']"
706,nimizhwaabaniig,"['mizhwi+VTA+Ind+Pos+Prt+1SgSubj+3PlProxObj', 'mizho+VTA+Ind+Pos+Prt+1SgSubj+3PlProxObj']"
707,nimikawimaabaniin,"['mikaw+VTA+Ind+Pos+Prt+1SgSubj+3SgObvObj', 'mikaw+VTA+Ind+Pos+Prt+1SgSubj+3PlObvObj']"
708,niwaabamimaabaniin,"['waabam+VTA+Ind+Pos+Prt+1SgSubj+3SgObvObj', 'waabam+VTA+Ind+Pos+Prt+1SgSubj+3PlObvObj']"
709,nimizhomaabaniin,"['mizhwi+VTA+Ind+Pos+Prt+1SgSubj+3SgObvObj', 'mizho+VTA+Ind+Pos+Prt+1SgSubj+3SgObvObj', 'mizhwi+VTA+Ind+Pos+Prt+1SgSubj+3PlObvObj', 'mizho+VTA+Ind+Pos+Prt+1SgSubj+3PlObvObj']"
710,nimiinimaabaniin,"['miizh+VTA+Ind+Pos+Prt+1SgSubj+3SgObvObj', 'miizh+VTA+Ind+Pos+Prt+1SgSubj+3PlObvObj']"
711,nimawadisimaabaniin,"['mawadish+VTA+Ind+Pos+Prt+1SgSubj+3SgObvObj', 'mawadish+VTA+Ind+Pos+Prt+1SgSubj+3PlObvObj']"
712,nimizhwaaban,"['mizhwi+VTA+Ind+Pos+Prt+1SgSubj+3SgProxObj', 'mizho+VTA+Ind+Pos+Prt+1SgSubj+3SgProxObj']"
713,gimikawimwaaban,"['mikaw+VTA+Ind+Pos+Prt+2PlSubj+1SgObj', 'mikawi+VAI+Ind+Pos+Prt+2PlSubj']"
714,gimizhomwaaban,"['mizhwi+VTA+Ind+Pos+Prt+2PlSubj+1SgObj', 'mizho+VTA+Ind+Pos+Prt+2PlSubj+1SgObj']"
715,gimizhwaawaabanii',"['mizhwi+VTA+Ind+Pos+Prt+2PlSubj+3PlObvObj', 'mizho+VTA+Ind+Pos+Prt+2PlSubj+3PlObvObj']"
716,gimizhwaawaabaniig,"['mizhwi+VTA+Ind+Pos+Prt+2PlSubj+3PlProxObj', 'mizho+VTA+Ind+Pos+Prt+2PlSubj+3PlProxObj']"
717,gimizhwaawaabaniin,"['mizhwi+VTA+Ind+Pos+Prt+2PlSubj+3SgObvObj', 'mizho+VTA+Ind+Pos+Prt+2PlSubj+3SgObvObj']"
718,gimizhwaawaaban,"['mizhwi+VTA+Ind+Pos+Prt+2PlSubj+3SgProxObj', 'mizho+VTA+Ind+Pos+Prt+2PlSubj+3SgProxObj']"
719,gimikawinaamaaban,"['mikaw+VTA+Ind+Pos+Prt+2SgSubj+ExclObj', 'mikaw+VTA+Ind+Pos+Prt+2PlSubj+ExclObj']"
720,giwaabaminaamaaban,"['waabam+VTA+Ind+Pos+Prt+2SgSubj+ExclObj', 'waabam+VTA+Ind+Pos+Prt+2PlSubj+ExclObj']"
721,gimizhonaamaaban,"['mizhwi+VTA+Ind+Pos+Prt+2SgSubj+ExclObj', 'mizho+VTA+Ind+Pos+Prt+2SgSubj+ExclObj', 'mizhwi+VTA+Ind+Pos+Prt+2PlSubj+ExclObj', 'mizho+VTA+Ind+Pos+Prt+2PlSubj+ExclObj']"
722,gimiizhinaamaaban,"['miizh+VTA+Ind+Pos+Prt+2SgSubj+ExclObj', 'miizh+VTA+Ind+Pos+Prt+2PlSubj+ExclObj']"
723,gimawadishinaamaaban,"['mawadish+VTA+Ind+Pos+Prt+2SgSubj+ExclObj', 'mawadish+VTA+Ind+Pos+Prt+2PlSubj+ExclObj']"
724,gimikawinaaban,"['mikaw+VTA+Ind+Pos+Prt+2SgSubj+1SgObj', 'mikawi+VAI+Ind+Pos+Prt+2SgSubj']"
725,gimizhonaaban,"['mizhwi+VTA+Ind+Pos+Prt+2SgSubj+1SgObj', 'mizho+VTA+Ind+Pos+Prt+2SgSubj+1SgObj']"
726,gimizhomaabanii',"['mizhwi+VTA+Ind+Pos+Prt+2SgSubj+3PlObvObj', 'mizho+VTA+Ind+Pos+Prt+2SgSubj+3PlObvObj']"
727,gimizhwaabaniig,"['mizhwi+VTA+Ind+Pos+Prt+2SgSubj+3PlProxObj', 'mizho+VTA+Ind+Pos+Prt+2SgSubj+3PlProxObj']"
728,gimikawimaabaniin,"['mikaw+VTA+Ind+Pos+Prt+2SgSubj+3SgObvObj', 'mikaw+VTA+Ind+Pos+Prt+2SgSubj+3PlObvObj']"
729,giwaabamimaabaniin,"['waabam+VTA+Ind+Pos+Prt+2SgSubj+3SgObvObj', 'waabam+VTA+Ind+Pos+Prt+2SgSubj+3PlObvObj']"
730,gimizhomaabaniin,"['mizhwi+VTA+Ind+Pos+Prt+2SgSubj+3SgObvObj', 'mizho+VTA+Ind+Pos+Prt+2SgSubj+3SgObvObj', 'mizhwi+VTA+Ind+Pos+Prt+2SgSubj+3PlObvObj', 'mizho+VTA+Ind+Pos+Prt+2SgSubj+3PlObvObj']"
731,gimiinimaabaniin,"['miizh+VTA+Ind+Pos+Prt+2SgSubj+3SgObvObj', 'miizh+VTA+Ind+Pos+Prt+2SgSubj+3PlObvObj']"
732,gimawadisimaabaniin,"['mawadish+VTA+Ind+Pos+Prt+2SgSubj+3SgObvObj', 'mawadish+VTA+Ind+Pos+Prt+2SgSubj+3PlObvObj']"
733,gimizhwaaban,"['mizhwi+VTA+Ind+Pos+Prt+2SgSubj+3SgProxObj', 'mizho+VTA+Ind+Pos+Prt+2SgSubj+3SgProxObj']"
734,omizhogowaabanii',"['mizhwi+VTA+Ind+Pos+Prt+3PlObvSubj+3PlProxObj', 'mizho+VTA+Ind+Pos+Prt+3PlObvSubj+3PlProxObj']"
735,omizhogobanii',"['mizhwi+VTA+Ind+Pos+Prt+3PlObvSubj+3SgProxObj', 'mizho+VTA+Ind+Pos+Prt+3PlObvSubj+3SgProxObj']"
736,nimizhogobaniig,"['mizhwi+VTA+Ind+Pos+Prt+3PlProxSubj+1SgObj', 'mizho+VTA+Ind+Pos+Prt+3PlProxSubj+1SgObj']"
737,gimizhogowaabaniig,"['mizhwi+VTA+Ind+Pos+Prt+3PlProxSubj+2PlObj', 'mizho+VTA+Ind+Pos+Prt+3PlProxSubj+2PlObj']"
738,gimizhogobaniig,"['mizhwi+VTA+Ind+Pos+Prt+3PlProxSubj+2SgObj', 'mizho+VTA+Ind+Pos+Prt+3PlProxSubj+2SgObj']"
739,omizhwaawaabanii',"['mizhwi+VTA+Ind+Pos+Prt+3PlProxSubj+3PlObvObj', 'mizho+VTA+Ind+Pos+Prt+3PlProxSubj+3PlObvObj']"
740,omizhwaawaabaniin,"['mizhwi+VTA+Ind+Pos+Prt+3PlProxSubj+3SgObvObj', 'mizho+VTA+Ind+Pos+Prt+3PlProxSubj+3SgObvObj']"
741,nimizhogosiinaabaniig,"['mizhwi+VTA+Ind+Pos+Prt+3PlProxSubj+ExclObj', 'mizho+VTA+Ind+Pos+Prt+3PlProxSubj+ExclObj']"
742,gimizhogonaabaniig,"['mizhwi+VTA+Ind+Pos+Prt+3PlProxSubj+InclObj', 'mizho+VTA+Ind+Pos+Prt+3PlProxSubj+InclObj']"
743,omizhogowaabaniin,"['mizhwi+VTA+Ind+Pos+Prt+3SgObvSubj+3PlProxObj', 'mizho+VTA+Ind+Pos+Prt+3SgObvSubj+3PlProxObj']"
744,omizhogobaniin,"['mizhwi+VTA+Ind+Pos+Prt+3SgObvSubj+3SgProxObj', 'mizho+VTA+Ind+Pos+Prt+3SgObvSubj+3SgProxObj']"
745,nimizhogoban,"['mizhwi+VTA+Ind+Pos+Prt+3SgProxSubj+1SgObj', 'mizho+VTA+Ind+Pos+Prt+3SgProxSubj+1SgObj']"
746,gimizhogowaaban,"['mizhwi+VTA+Ind+Pos+Prt+3SgProxSubj+2PlObj', 'mizho+VTA+Ind+Pos+Prt+3SgProxSubj+2PlObj']"
747,gimizhogoban,"['mizhwi+VTA+Ind+Pos+Prt+3SgProxSubj+2SgObj', 'mizho+VTA+Ind+Pos+Prt+3SgProxSubj+2SgObj']"
748,omizhwaabanii',"['mizhwi+VTA+Ind+Pos+Prt+3SgProxSubj+3PlObvObj', 'mizho+VTA+Ind+Pos+Prt+3SgProxSubj+3PlObvObj']"
749,omizhwaabaniin,"['mizhwi+VTA+Ind+Pos+Prt+3SgProxSubj+3SgObvObj', 'mizho+VTA+Ind+Pos+Prt+3SgProxSubj+3SgObvObj']"
750,gimikaagoomwaaban,"['mikaw+VTA+Ind+Pos+Prt+XSubj+2PlObj', 'mikaw+VTA+Ind+Pos+Prt+ExclSubj+2PlObj']"
751,giwaabamigoomwaaban,"['waabam+VTA+Ind+Pos+Prt+ExclSubj+2PlObj', 'waabam+VTA+Ind+Pos+Prt+XSubj+2PlObj']"
752,gimizhogoomwaaban,"['mizhwi+VTA+Ind+Pos+Prt+ExclSubj+2PlObj', 'mizho+VTA+Ind+Pos+Prt+ExclSubj+2PlObj', 'mizhwi+VTA+Ind+Pos+Prt+XSubj+2PlObj', 'mizho+VTA+Ind+Pos+Prt+XSubj+2PlObj']"
753,gimiinigoomwaaban,"['miizh+VTA+Ind+Pos+Prt+ExclSubj+2PlObj', 'miizh+VTA+Ind+Pos+Prt+XSubj+2PlObj']"
754,gimawadisigoomwaaban,"['mawadish+VTA+Ind+Pos+Prt+ExclSubj+2PlObj', 'mawadish+VTA+Ind+Pos+Prt+XSubj+2PlObj']"
755,gimikaagoonaaban,"['mikaw+VTA+Ind+Pos+Prt+ExclSubj+2SgObj', 'mikaw+VTA+Ind+Pos+Prt+XSubj+2SgObj']"
756,giwaabamigoonaaban,"['waabam+VTA+Ind+Pos+Prt+XSubj+2SgObj', 'waabam+VTA+Ind+Pos+Prt+ExclSubj+2SgObj']"
757,gimizhogoonaaban,"['mizhwi+VTA+Ind+Pos+Prt+XSubj+2SgObj', 'mizho+VTA+Ind+Pos+Prt+XSubj+2SgObj', 'mizhwi+VTA+Ind+Pos+Prt+ExclSubj+2SgObj', 'mizho+VTA+Ind+Pos+Prt+ExclSubj+2SgObj']"
758,gimiinigoonaaban,"['miizh+VTA+Ind+Pos+Prt+XSubj+2SgObj', 'miizh+VTA+Ind+Pos+Prt+ExclSubj+2SgObj']"
759,gimawadisigoonaaban,"['mawadish+VTA+Ind+Pos+Prt+XSubj+2SgObj', 'mawadish+VTA+Ind+Pos+Prt+ExclSubj+2SgObj']"
760,nimizhwaanaabanii',"['mizhwi+VTA+Ind+Pos+Prt+ExclSubj+3PlObvObj', 'mizho+VTA+Ind+Pos+Prt+ExclSubj+3PlObvObj']"
761,nimizhwaanaabaniig,"['mizhwi+VTA+Ind+Pos+Prt+ExclSubj+3PlProxObj', 'mizho+VTA+Ind+Pos+Prt+ExclSubj+3PlProxObj']"
762,nimizhwaanaabaniin,"['mizhwi+VTA+Ind+Pos+Prt+ExclSubj+3SgObvObj', 'mizho+VTA+Ind+Pos+Prt+ExclSubj+3SgObvObj']"
763,nimizhwaanaaban,"['mizhwi+VTA+Ind+Pos+Prt+ExclSubj+3SgProxObj', 'mizho+VTA+Ind+Pos+Prt+ExclSubj+3SgProxObj']"
764,gimikawaanaabaniig,"['mikaw+VTA+Ind+Pos+Prt+InclSubj+3PlObvObj', 'mikaw+VTA+Ind+Pos+Prt+InclSubj+3PlProxObj']"
765,giwaabamaanaabaniig,"['waabam+VTA+Ind+Pos+Prt+InclSubj+3PlObvObj', 'waabam+VTA+Ind+Pos+Prt+InclSubj+3PlProxObj']"
766,gimizhwaanaabaniig,"['mizhwi+VTA+Ind+Pos+Prt+InclSubj+3PlObvObj', 'mizho+VTA+Ind+Pos+Prt+InclSubj+3PlObvObj', 'mizhwi+VTA+Ind+Pos+Prt+InclSubj+3PlProxObj', 'mizho+VTA+Ind+Pos+Prt+InclSubj+3PlProxObj']"
767,gimiinaanaabaniig,"['miizh+VTA+Ind+Pos+Prt+InclSubj+3PlObvObj', 'miizh+VTA+Ind+Pos+Prt+InclSubj+3PlProxObj']"
768,gimawadisaanaabaniig,"['mawadish+VTA+Ind+Pos+Prt+InclSubj+3PlObvObj', 'mawadish+VTA+Ind+Pos+Prt+InclSubj+3PlProxObj']"
769,gimizhwaanaabaniin,"['mizhwi+VTA+Ind+Pos+Prt+InclSubj+3SgObvObj', 'mizho+VTA+Ind+Pos+Prt+InclSubj+3SgObvObj']"
770,gimizhwaanaaban,"['mizhwi+VTA+Ind+Pos+Prt+InclSubj+3SgProxObj', 'mizho+VTA+Ind+Pos+Prt+InclSubj+3SgProxObj']"
771,nimizhogoonaaban,"['mizhwi+VTA+Ind+Pos+Prt+XSubj+1SgObj', 'mizho+VTA+Ind+Pos+Prt+XSubj+1SgObj']"
772,mizhomaabanii',"['mizhwi+VTA+Ind+Pos+Prt+XSubj+3PlObvObj', 'mizho+VTA+Ind+Pos+Prt+XSubj+3PlObvObj']"
773,mizhwaabaniig,"['mizhwi+VTA+Ind+Pos+Prt+XSubj+3PlProxObj', 'mizho+VTA+Ind+Pos+Prt+XSubj+3PlProxObj']"
774,mizhomaabaniin,"['mizhwi+VTA+Ind+Pos+Prt+XSubj+3SgObvObj', 'mizho+VTA+Ind+Pos+Prt+XSubj+3SgObvObj']"
775,mizhwaaban,"['mizhwi+VTA+Ind+Pos+Prt+XSubj+3SgProxObj', 'mizho+VTA+Ind+Pos+Prt+XSubj+3SgProxObj']"
776,nimizhogoominaaban,"['mizhwi+VTA+Ind+Pos+Prt+XSubj+ExclObj', 'mizho+VTA+Ind+Pos+Prt+XSubj+ExclObj']"
777,gimizhogoominaaban,"['mizhwi+VTA+Ind+Pos+Prt+XSubj+InclObj', 'mizho+VTA+Ind+Pos+Prt+XSubj+InclObj']"
